Date,Group,Indexed Value
3/31/2011,India Under-served,100
4/30/2011,India Under-served,99.18617633
5/31/2011,India Under-served,97.60595223
6/30/2011,India Under-served,97.16342912
7/31/2011,India Under-served,98.70353871
8/31/2011,India Under-served,94.83211337
9/29/2011,India Under-served,93.95200062
10/31/2011,India Under-served,95.87269256
11/30/2011,India Under-served,92.53842325
12/31/2011,India Under-served,88.94324254
1/31/2012,India Under-served,97.603469
2/29/2012,India Under-served,101.1507743
3/31/2012,India Under-served,99.92896612
4/30/2012,India Under-served,98.08163002
5/31/2012,India Under-served,95.93331104
6/30/2012,India Under-served,100.7137352
7/31/2012,India Under-served,101.3989279
8/31/2012,India Under-served,104.2845501
9/30/2012,India Under-served,112.3420974
10/31/2012,India Under-served,113.7390038
11/30/2012,India Under-served,121.087036
12/31/2012,India Under-served,123.3012537
1/31/2013,India Under-served,117.8403056
2/28/2013,India Under-served,113.0806297
3/31/2013,India Under-served,114.6933694
4/30/2013,India Under-served,119.4900903
5/31/2013,India Under-served,121.7804217
6/30/2013,India Under-served,117.8202526
7/31/2013,India Under-served,115.3260063
8/31/2013,India Under-served,118.4738597
9/30/2013,India Under-served,128.2841664
10/31/2013,India Under-served,139.5364894
11/30/2013,India Under-served,143.9849531
12/31/2013,India Under-served,149.3813881
1/31/2014,India Under-served,138.7210648
2/28/2014,India Under-served,144.3669756
3/31/2014,India Under-served,147.679092
4/30/2014,India Under-served,151.7242507
5/31/2014,India Under-served,172.7185952
6/30/2014,India Under-served,182.9964719
7/31/2014,India Under-served,178.2580899
8/31/2014,India Under-served,181.0430021
9/30/2014,India Under-served,188.3832431
10/31/2014,India Under-served,196.0471721
11/30/2014,India Under-served,197.0201805
12/31/2014,India Under-served,200.9177424
1/31/2015,India Under-served,202.5973457
2/28/2015,India Under-served,207.480795
3/31/2015,India Under-served,214.2916183
4/30/2015,India Under-served,210.9081816
5/31/2015,India Under-served,211.1180853
6/30/2015,India Under-served,209.1369917
7/31/2015,India Under-served,224.2062691
8/31/2015,India Under-served,211.8694552
9/30/2015,India Under-served,219.1315728
10/31/2015,India Under-served,224.6663988
11/30/2015,India Under-served,238.6557981
12/31/2015,India Under-served,245.5911658
1/31/2016,India Under-served,231.7834522
2/29/2016,India Under-served,211.7175517
3/31/2016,India Under-served,235.347383
4/30/2016,India Under-served,239.6399359
5/31/2016,India Under-served,247.50547
6/30/2016,India Under-served,261.46914
7/31/2016,India Under-served,269.232262
8/31/2016,India Under-served,277.220109
9/30/2016,India Under-served,278.5562609
10/31/2016,India Under-served,288.2971105
11/30/2016,India Under-served,269.4224917
12/31/2016,India Under-served,266.834646
1/31/2017,India Under-served,272.6143836
2/28/2017,India Under-served,279.7171438
3/31/2017,India Under-served,291.1076042
4/30/2017,India Under-served,301.7430596
5/31/2017,India Under-served,291.8737517
6/30/2017,India Under-served,288.0323627
7/31/2017,India Under-served,291.0527186
8/31/2017,India Under-served,287.6210305
9/30/2017,India Under-served,282.7543156
10/31/2017,India Under-served,295.3108965
11/30/2017,India Under-served,296.405404
12/31/2017,India Under-served,312.3989699
1/31/2018,India Under-served,315.2465752
2/28/2018,India Under-served,305.4881781
3/31/2018,India Under-served,296.7653399
4/30/2018,India Under-served,325.1185949
5/31/2018,India Under-served,308.9276889
6/30/2018,India Under-served,303.1200521
7/31/2018,India Under-served,299.4451291
8/31/2018,India Under-served,319.4760207
9/30/2018,India Under-served,288.5842285
10/31/2018,India Under-served,300.6959286
11/30/2018,India Under-served,297.9728535
12/31/2018,India Under-served,293.7131505
1/31/2019,India Under-served,283.0095129
2/28/2019,India Under-served,271.9306128
3/31/2019,India Under-served,292.8295698
4/30/2019,India Under-served,287.6568778
5/31/2019,India Under-served,290.0039408
6/30/2019,India Under-served,274.5640374
7/31/2019,India Under-served,248.3360996
8/31/2019,India Under-served,246.3983331
9/30/2019,India Under-served,274.9536541
10/31/2019,India Under-served,265.4712675
11/30/2019,India Under-served,262.4979405
12/31/2019,India Under-served,265.1484652
1/31/2020,India Under-served,279.8548487
2/29/2020,India Under-served,258.9373148
3/31/2020,India Under-served,179.2637385
4/30/2020,India Under-served,209.3048537
5/31/2020,India Under-served,201.9564712
6/30/2020,India Under-served,229.5212199
7/31/2020,India Under-served,259.0096609
8/31/2020,India Under-served,284.1250332
9/30/2020,India Under-served,282.6585992
10/31/2020,India Under-served,268.2252639
11/30/2020,India Under-served,300.6162208
12/31/2020,India Under-served,312.8226696
1/31/2021,India Under-served,324.3677038
2/28/2021,India Under-served,335.6115209
3/31/2021,India Under-served,340.1563309
4/30/2021,India Under-served,347.6572437
5/31/2021,India Under-served,379.5220725
6/30/2021,India Under-served,429.8500567
7/31/2021,India Under-served,528.4923504
8/31/2021,India Under-served,597.6202855
9/30/2021,India Under-served,608.2995206
10/31/2021,India Under-served,606.8691217
11/30/2021,India Under-served,556.3463735
12/31/2021,India Under-served,601.2452908
1/31/2022,India Under-served,600.6007142
2/28/2022,India Under-served,582.4974927
3/31/2022,India Under-served,648.7557869
4/30/2022,India Under-served,682.5670943
5/31/2022,India Under-served,632.5655804
6/30/2022,India Under-served,628.6256592
7/31/2022,India Under-served,676.1818729
8/31/2022,India Under-served,719.9400259
9/30/2022,India Under-served,681.1906685
10/31/2022,India Under-served,692.5728842
11/30/2022,India Under-served,737.3512007
12/31/2022,India Under-served,708.6219685
1/31/2023,India Under-served,681.5937373
2/28/2023,India Under-served,672.681468
3/31/2023,India Under-served,668.789171
4/30/2023,India Under-served,710.266558
5/31/2023,India Under-served,701.564174
6/30/2023,India Under-served,763.007787
7/31/2023,India Under-served,812.1472584
8/31/2023,India Under-served,848.8492661
9/30/2023,India Under-served,880.5596051
10/31/2023,India Under-served,861.2615631
11/30/2023,India Under-served,903.0891496
12/31/2023,India Under-served,904.649659
1/31/2024,India Under-served,938.0391991
2/29/2024,India Under-served,906.4121182
3/31/2011,Nifty 50,100
4/30/2011,Nifty 50,98.42
5/31/2011,Nifty 50,95.17870476
6/30/2011,Nifty 50,96.67225115
7/31/2011,Nifty 50,93.84093225
8/31/2011,Nifty 50,85.60716932
9/29/2011,Nifty 50,84.61860423
10/31/2011,Nifty 50,91.18079346
11/30/2011,Nifty 50,82.71508149
12/31/2011,Nifty 50,79.15881485
1/31/2012,Nifty 50,89.00081485
2/29/2012,Nifty 50,92.18390886
3/31/2012,Nifty 50,90.65365597
4/30/2012,Nifty 50,89.84735876
5/31/2012,Nifty 50,84.29743189
6/30/2012,Nifty 50,90.36684698
7/31/2012,Nifty 50,89.51263386
8/31/2012,Nifty 50,90.01762959
9/30/2012,Nifty 50,97.62680262
10/31/2012,Nifty 50,96.20083161
11/30/2012,Nifty 50,100.6542093
12/31/2012,Nifty 50,101.0864514
1/31/2013,Nifty 50,103.3058648
2/28/2013,Nifty 50,97.45647355
3/31/2013,Nifty 50,97.27758366
4/30/2013,Nifty 50,101.0605057
5/31/2013,Nifty 50,102.463268
6/30/2013,Nifty 50,100.0026569
7/31/2013,Nifty 50,98.28750402
8/31/2013,Nifty 50,93.6624111
9/30/2013,Nifty 50,98.17281815
10/31/2013,Nifty 50,107.8244046
11/30/2013,Nifty 50,105.7181215
12/31/2013,Nifty 50,107.9074234
1/31/2014,Nifty 50,104.2357638
2/28/2014,Nifty 50,107.4444006
3/31/2014,Nifty 50,114.7577646
4/30/2014,Nifty 50,114.6242497
5/31/2014,Nifty 50,123.7571821
6/30/2014,Nifty 50,130.2857182
7/31/2014,Nifty 50,132.1677647
8/31/2014,Nifty 50,136.1569501
9/30/2014,Nifty 50,136.3358259
10/31/2014,Nifty 50,142.4535468
11/30/2014,Nifty 50,145.103304
12/31/2014,Nifty 50,141.7774137
1/31/2015,Nifty 50,150.784534
2/28/2015,Nifty 50,152.3755865
3/31/2015,Nifty 50,145.3429461
4/30/2015,Nifty 50,140.0451435
5/31/2015,Nifty 50,144.3612693
6/30/2015,Nifty 50,143.2460776
7/31/2015,Nifty 50,146.0593049
8/31/2015,Nifty 50,136.4470883
9/30/2015,Nifty 50,136.0636609
10/31/2015,Nifty 50,138.0646726
11/30/2015,Nifty 50,135.8300098
12/31/2015,Nifty 50,136.0200118
1/31/2016,Nifty 50,129.4675115
2/29/2016,Nifty 50,119.5993913
3/31/2016,Nifty 50,132.4604704
4/30/2016,Nifty 50,134.367337
5/31/2016,Nifty 50,139.6788334
6/30/2016,Nifty 50,141.8638561
7/31/2016,Nifty 50,147.867747
8/31/2016,Nifty 50,150.3959714
9/30/2016,Nifty 50,147.399589
10/31/2016,Nifty 50,147.6486457
11/30/2016,Nifty 50,140.7811872
12/31/2016,Nifty 50,140.1187479
1/31/2017,Nifty 50,146.5462919
2/28/2017,Nifty 50,151.9947267
3/31/2017,Nifty 50,157.0297788
4/30/2017,Nifty 50,159.2601623
5/31/2017,Nifty 50,164.689768
6/30/2017,Nifty 50,162.9720476
7/31/2017,Nifty 50,172.4926867
8/31/2017,Nifty 50,169.7676134
9/30/2017,Nifty 50,167.5543472
10/31/2017,Nifty 50,176.9123721
11/30/2017,Nifty 50,175.0508663
12/31/2017,Nifty 50,180.2570914
1/31/2018,Nifty 50,188.7643866
2/28/2018,Nifty 50,179.6092018
3/31/2018,Nifty 50,173.1191796
4/30/2018,Nifty 50,183.8286148
5/31/2018,Nifty 50,183.7738395
6/30/2018,Nifty 50,183.3998266
7/31/2018,Nifty 50,194.392553
8/31/2018,Nifty 50,199.9385564
9/30/2018,Nifty 50,187.0997298
10/31/2018,Nifty 50,177.7904893
11/30/2018,Nifty 50,186.1805311
12/31/2018,Nifty 50,185.9374655
1/31/2019,Nifty 50,185.396559
2/28/2019,Nifty 50,184.738399
3/31/2019,Nifty 50,198.9697175
4/30/2019,Nifty 50,201.0965413
5/31/2019,Nifty 50,204.0860768
6/30/2019,Nifty 50,201.7932152
7/31/2019,Nifty 50,190.3100783
8/31/2019,Nifty 50,188.6882147
9/30/2019,Nifty 50,196.4115379
10/31/2019,Nifty 50,203.3098075
11/30/2019,Nifty 50,206.3669563
12/31/2019,Nifty 50,208.2909401
1/31/2020,Nifty 50,204.7587865
2/29/2020,Nifty 50,191.7436517
3/31/2020,Nifty 50,147.1702173
4/30/2020,Nifty 50,168.7748103
5/31/2020,Nifty 50,163.9888148
6/30/2020,Nifty 50,176.3440779
7/31/2020,Nifty 50,189.5475029
8/31/2020,Nifty 50,194.9231891
9/30/2020,Nifty 50,192.5259226
10/31/2020,Nifty 50,199.282089
11/30/2020,Nifty 50,221.9923595
12/31/2020,Nifty 50,239.3286791
1/31/2021,Nifty 50,233.3864365
2/28/2021,Nifty 50,248.6986449
3/31/2021,Nifty 50,251.4639316
4/30/2021,Nifty 50,250.4437454
5/31/2021,Nifty 50,266.7342029
6/30/2021,Nifty 50,269.1083612
7/31/2021,Nifty 50,269.8195816
8/31/2021,Nifty 50,293.2556222
9/30/2021,Nifty 50,301.5737349
10/31/2021,Nifty 50,302.4895061
11/30/2021,Nifty 50,290.7051566
12/31/2021,Nifty 50,294.4846386
1/31/2022,Nifty 50,289.851817
2/28/2022,Nifty 50,280.7257519
3/31/2022,Nifty 50,291.9396374
4/30/2022,Nifty 50,293.9912528
5/31/2022,Nifty 50,285.0868807
6/30/2022,Nifty 50,271.2610381
7/31/2022,Nifty 50,294.9487307
8/31/2022,Nifty 50,305.2807246
9/30/2022,Nifty 50,293.8502956
10/31/2022,Nifty 50,309.6280522
11/30/2022,Nifty 50,322.4543017
12/31/2022,Nifty 50,312.9078866
1/31/2023,Nifty 50,303.6107251
2/28/2023,Nifty 50,297.4533002
3/31/2023,Nifty 50,298.4124971
4/30/2023,Nifty 50,310.5356793
5/31/2023,Nifty 50,318.6046219
6/30/2023,Nifty 50,338.4290075
7/31/2023,Nifty 50,348.3892599
8/31/2023,Nifty 50,339.5709753
9/30/2023,Nifty 50,346.3610545
10/31/2023,Nifty 50,336.498685
11/30/2023,Nifty 50,354.4350758
12/31/2023,Nifty 50,383.2673391
1/31/2024,Nifty 50,383.1668107
2/29/2024,Nifty 50,403.5907528
3/31/2011,S&P BSE 500,100
4/30/2011,S&P BSE 500,98.53
5/31/2011,S&P BSE 500,95.96577424
6/30/2011,S&P BSE 500,96.38326187
7/31/2011,S&P BSE 500,94.34013285
8/31/2011,S&P BSE 500,86.06082376
9/29/2011,S&P BSE 500,84.71483408
10/31/2011,S&P BSE 500,89.72282841
11/30/2011,S&P BSE 500,81.14940744
12/31/2011,S&P BSE 500,76.66118323
1/31/2012,S&P BSE 500,86.88452275
2/29/2012,S&P BSE 500,90.97011749
3/31/2012,S&P BSE 500,89.67467207
4/30/2012,S&P BSE 500,88.8638413
5/31/2012,S&P BSE 500,83.31233035
6/30/2012,S&P BSE 500,88.65105129
7/31/2012,S&P BSE 500,87.63260434
8/31/2012,S&P BSE 500,87.98601618
9/30/2012,S&P BSE 500,95.60307606
10/31/2012,S&P BSE 500,94.43909878
11/30/2012,S&P BSE 500,99.13109198
12/31/2012,S&P BSE 500,100.5787008
1/31/2013,S&P BSE 500,101.6953177
2/28/2013,S&P BSE 500,95.03501694
3/31/2013,S&P BSE 500,93.99056821
4/30/2013,S&P BSE 500,97.97427846
5/31/2013,S&P BSE 500,98.7256766
6/30/2013,S&P BSE 500,95.03992544
7/31/2013,S&P BSE 500,92.67190693
8/31/2013,S&P BSE 500,88.53815584
9/30/2013,S&P BSE 500,93.12826455
10/31/2013,S&P BSE 500,101.5743299
11/30/2013,S&P BSE 500,100.7994506
12/31/2013,S&P BSE 500,103.8524035
1/31/2014,S&P BSE 500,99.48357519
2/28/2014,S&P BSE 500,102.2791636
3/31/2014,S&P BSE 500,110.0466623
4/30/2014,S&P BSE 500,110.6687149
5/31/2014,S&P BSE 500,122.1288632
6/30/2014,S&P BSE 500,129.893974
7/31/2014,S&P BSE 500,130.4268777
8/31/2014,S&P BSE 500,133.9367189
9/30/2014,S&P BSE 500,134.960605
10/31/2014,S&P BSE 500,140.5540372
11/30/2014,S&P BSE 500,145.3467209
12/31/2014,S&P BSE 500,142.235264
1/31/2015,S&P BSE 500,150.5216042
2/28/2015,S&P BSE 500,151.9558141
3/31/2015,S&P BSE 500,146.5750393
4/30/2015,S&P BSE 500,141.9063946
5/31/2015,S&P BSE 500,146.2435167
6/30/2015,S&P BSE 500,144.6485203
7/31/2015,S&P BSE 500,149.0249103
8/31/2015,S&P BSE 500,139.7778312
9/30/2015,S&P BSE 500,139.272256
10/31/2015,S&P BSE 500,141.5714228
11/30/2015,S&P BSE 500,140.3681776
12/31/2015,S&P BSE 500,141.0757972
1/31/2016,S&P BSE 500,132.8482264
2/29/2016,S&P BSE 500,122.1289959
3/31/2016,S&P BSE 500,135.1179422
4/30/2016,S&P BSE 500,138.098329
5/31/2016,S&P BSE 500,142.7576873
6/30/2016,S&P BSE 500,146.3190015
7/31/2016,S&P BSE 500,153.7017801
8/31/2016,S&P BSE 500,157.0041378
9/30/2016,S&P BSE 500,155.2232817
10/31/2016,S&P BSE 500,157.587851
11/30/2016,S&P BSE 500,148.5164165
12/31/2016,S&P BSE 500,146.4117323
1/31/2017,S&P BSE 500,154.6832143
2/28/2017,S&P BSE 500,161.5419776
3/31/2017,S&P BSE 500,167.5774399
4/30/2017,S&P BSE 500,172.1853253
5/31/2017,S&P BSE 500,175.1026976
6/30/2017,S&P BSE 500,174.8280871
7/31/2017,S&P BSE 500,184.3635736
8/31/2017,S&P BSE 500,182.5713086
9/30/2017,S&P BSE 500,180.5624064
10/31/2017,S&P BSE 500,192.1686157
11/30/2017,S&P BSE 500,192.274878
12/31/2017,S&P BSE 500,199.0196846
1/31/2018,S&P BSE 500,203.5965271
2/28/2018,S&P BSE 500,194.6218032
3/31/2018,S&P BSE 500,187.3922494
4/30/2018,S&P BSE 500,199.6263484
5/31/2018,S&P BSE 500,195.8847464
6/30/2018,S&P BSE 500,192.7386647
7/31/2018,S&P BSE 500,203.1694878
8/31/2018,S&P BSE 500,210.2190192
9/30/2018,S&P BSE 500,191.6422124
10/31/2018,S&P BSE 500,184.157682
11/30/2018,S&P BSE 500,191.4181462
12/31/2018,S&P BSE 500,192.8958693
1/31/2019,S&P BSE 500,186.8280374
2/28/2019,S&P BSE 500,188.3377322
3/31/2019,S&P BSE 500,203.0336418
4/30/2019,S&P BSE 500,203.4903974
5/31/2019,S&P BSE 500,205.8637224
6/30/2019,S&P BSE 500,202.8629056
7/31/2019,S&P BSE 500,190.026786
8/31/2019,S&P BSE 500,188.8321638
9/30/2019,S&P BSE 500,196.4728375
10/31/2019,S&P BSE 500,204.1289001
11/30/2019,S&P BSE 500,206.5239817
12/31/2019,S&P BSE 500,207.8815129
1/31/2020,S&P BSE 500,207.6136682
2/29/2020,S&P BSE 500,194.0530808
3/31/2020,S&P BSE 500,147.2314514
4/30/2020,S&P BSE 500,168.7594592
5/31/2020,S&P BSE 500,164.698009
6/30/2020,S&P BSE 500,178.2731892
7/31/2020,S&P BSE 500,190.3194386
8/31/2020,S&P BSE 500,197.533869
9/30/2020,S&P BSE 500,197.0164868
10/31/2020,S&P BSE 500,201.84552
11/30/2020,S&P BSE 500,225.1477508
12/31/2020,S&P BSE 500,242.7729722
1/31/2021,S&P BSE 500,238.4601273
2/28/2021,S&P BSE 500,256.9830732
3/31/2021,S&P BSE 500,260.0435879
4/30/2021,S&P BSE 500,261.2053099
5/31/2021,S&P BSE 500,279.3224425
6/30/2021,S&P BSE 500,284.7338623
7/31/2021,S&P BSE 500,288.5888903
8/31/2021,S&P BSE 500,307.4342051
9/30/2021,S&P BSE 500,317.5604359
10/31/2021,S&P BSE 500,318.2575753
11/30/2021,S&P BSE 500,315.7888662
12/31/2021,S&P BSE 500,315.8817297
1/31/2022,S&P BSE 500,314.6120207
2/28/2022,S&P BSE 500,301.6953752
3/31/2022,S&P BSE 500,314.342982
4/30/2022,S&P BSE 500,312.4411381
5/31/2022,S&P BSE 500,298.45842
6/30/2022,S&P BSE 500,282.8958288
7/31/2022,S&P BSE 500,309.8938931
8/31/2022,S&P BSE 500,323.981149
9/30/2022,S&P BSE 500,313.6458427
10/31/2022,S&P BSE 500,326.2101376
11/30/2022,S&P BSE 500,337.0514172
12/31/2022,S&P BSE 500,326.4254482
1/31/2023,S&P BSE 500,315.4500472
2/28/2023,S&P BSE 500,306.2476752
3/31/2023,S&P BSE 500,307.2455596
4/30/2023,S&P BSE 500,321.1665898
5/31/2023,S&P BSE 500,332.4468483
6/30/2023,S&P BSE 500,345.9648511
7/31/2023,S&P BSE 500,359.103175
8/31/2023,S&P BSE 500,356.1812922
9/30/2023,S&P BSE 500,363.596971
10/31/2023,S&P BSE 500,352.9500414
11/30/2023,S&P BSE 500,377.3232534
12/31/2023,S&P BSE 500,407.5416901
1/31/2024,S&P BSE 500,415.2768193
2/29/2024,S&P BSE 500,421.560625
3/31/2011,S&P BSE Midcap,100
4/30/2011,S&P BSE Midcap,98.66
5/31/2011,S&P BSE Midcap,96.10027431
6/30/2011,S&P BSE Midcap,95.31939526
7/31/2011,S&P BSE Midcap,96.17133917
8/31/2011,S&P BSE Midcap,87.24706678
9/29/2011,S&P BSE Midcap,85.24431715
10/31/2011,S&P BSE Midcap,87.58625895
11/30/2011,S&P BSE Midcap,78.26438493
12/31/2011,S&P BSE Midcap,71.41323168
1/31/2012,S&P BSE Midcap,81.65783634
2/29/2012,S&P BSE Midcap,88.82161934
3/31/2012,S&P BSE Midcap,88.25393487
4/30/2012,S&P BSE Midcap,87.83463829
5/31/2012,S&P BSE Midcap,81.86950115
6/30/2012,S&P BSE Midcap,85.57989349
7/31/2012,S&P BSE Midcap,83.6128849
8/31/2012,S&P BSE Midcap,83.42597458
9/30/2012,S&P BSE Midcap,91.88769955
10/31/2012,S&P BSE Midcap,91.31333971
11/30/2012,S&P BSE Midcap,95.98609769
12/31/2012,S&P BSE Midcap,98.91908774
1/31/2013,S&P BSE Midcap,96.94415215
2/28/2013,S&P BSE Midcap,87.65593311
3/31/2013,S&P BSE Midcap,85.41773766
4/30/2013,S&P BSE Midcap,88.22667712
5/31/2013,S&P BSE Midcap,88.85847293
6/30/2013,S&P BSE Midcap,82.94840759
7/31/2013,S&P BSE Midcap,77.08799029
8/31/2013,S&P BSE Midcap,73.70719427
9/30/2013,S&P BSE Midcap,77.96274171
10/31/2013,S&P BSE Midcap,84.93502508
11/30/2013,S&P BSE Midcap,87.96230471
12/31/2013,S&P BSE Midcap,93.25434219
1/31/2014,S&P BSE Midcap,87.7254682
2/28/2014,S&P BSE Midcap,90.40145656
3/31/2014,S&P BSE Midcap,98.50146
4/30/2014,S&P BSE Midcap,101.8474885
5/31/2014,S&P BSE Midcap,117.7537791
6/30/2014,S&P BSE Midcap,130.4332245
7/31/2014,S&P BSE Midcap,127.7803218
8/31/2014,S&P BSE Midcap,129.3199677
9/30/2014,S&P BSE Midcap,132.5394423
10/31/2014,S&P BSE Midcap,136.7699571
11/30/2014,S&P BSE Midcap,142.8335559
12/31/2014,S&P BSE Midcap,144.2516545
1/31/2015,S&P BSE Midcap,149.3417621
2/28/2015,S&P BSE Midcap,150.3466832
3/31/2015,S&P BSE Midcap,147.3061919
4/30/2015,S&P BSE Midcap,144.8595303
5/31/2015,S&P BSE Midcap,149.0288542
6/30/2015,S&P BSE Midcap,148.5268109
7/31/2015,S&P BSE Midcap,156.7740896
8/31/2015,S&P BSE Midcap,149.2837699
9/30/2015,S&P BSE Midcap,150.1846665
10/31/2015,S&P BSE Midcap,152.6239574
11/30/2015,S&P BSE Midcap,152.7626104
12/31/2015,S&P BSE Midcap,154.9670118
1/31/2016,S&P BSE Midcap,144.8730201
2/29/2016,S&P BSE Midcap,133.161086
3/31/2016,S&P BSE Midcap,147.6779265
4/30/2016,S&P BSE Midcap,153.9455413
5/31/2016,S&P BSE Midcap,158.0671642
6/30/2016,S&P BSE Midcap,162.9515869
7/31/2016,S&P BSE Midcap,176.0775866
8/31/2016,S&P BSE Midcap,183.8133653
9/30/2016,S&P BSE Midcap,183.1092529
10/31/2016,S&P BSE Midcap,187.3707804
11/30/2016,S&P BSE Midcap,173.8185306
12/31/2016,S&P BSE Midcap,167.3200594
1/31/2017,S&P BSE Midcap,178.809064
2/28/2017,S&P BSE Midcap,188.4709646
3/31/2017,S&P BSE Midcap,196.0423623
4/30/2017,S&P BSE Midcap,205.8023074
5/31/2017,S&P BSE Midcap,203.3941682
6/30/2017,S&P BSE Midcap,203.6610438
7/31/2017,S&P BSE Midcap,214.0230237
8/31/2017,S&P BSE Midcap,216.1121359
9/30/2017,S&P BSE Midcap,214.6687265
10/31/2017,S&P BSE Midcap,230.6893329
11/30/2017,S&P BSE Midcap,235.271139
12/31/2017,S&P BSE Midcap,247.1555201
1/31/2018,S&P BSE Midcap,241.4814568
2/28/2018,S&P BSE Midcap,230.3362337
3/31/2018,S&P BSE Midcap,221.992023
4/30/2018,S&P BSE Midcap,236.5866038
5/31/2018,S&P BSE Midcap,222.7043405
6/30/2018,S&P BSE Midcap,214.8759411
7/31/2018,S&P BSE Midcap,222.6991949
8/31/2018,S&P BSE Midcap,234.7689566
9/30/2018,S&P BSE Midcap,205.312085
10/31/2018,S&P BSE Midcap,203.217549
11/30/2018,S&P BSE Midcap,209.1525079
12/31/2018,S&P BSE Midcap,214.7027987
1/31/2019,S&P BSE Midcap,201.6378509
2/28/2019,S&P BSE Midcap,199.1256872
3/31/2019,S&P BSE Midcap,215.2753507
4/30/2019,S&P BSE Midcap,207.0615878
5/31/2019,S&P BSE Midcap,209.9428438
6/30/2019,S&P BSE Midcap,205.9398478
7/31/2019,S&P BSE Midcap,189.7387283
8/31/2019,S&P BSE Midcap,187.2934574
9/30/2019,S&P BSE Midcap,196.1463868
10/31/2019,S&P BSE Midcap,206.7208659
11/30/2019,S&P BSE Midcap,209.7854163
12/31/2019,S&P BSE Midcap,208.2019633
1/31/2020,S&P BSE Midcap,215.0304481
2/29/2020,S&P BSE Midcap,203.0427378
3/31/2020,S&P BSE Midcap,146.9962045
4/30/2020,S&P BSE Midcap,167.0712628
5/31/2020,S&P BSE Midcap,164.7038712
6/30/2020,S&P BSE Midcap,181.5600112
7/31/2020,S&P BSE Midcap,191.3481875
8/31/2020,S&P BSE Midcap,203.8907878
9/30/2020,S&P BSE Midcap,204.5026965
10/31/2020,S&P BSE Midcap,207.2788154
11/30/2020,S&P BSE Midcap,234.3571698
12/31/2020,S&P BSE Midcap,249.5117861
1/31/2021,S&P BSE Midcap,251.4666956
2/28/2021,S&P BSE Midcap,277.8434409
3/31/2021,S&P BSE Midcap,280.6618371
4/30/2021,S&P BSE Midcap,282.4821267
5/31/2021,S&P BSE Midcap,302.5943167
6/30/2021,S&P BSE Midcap,313.4078575
7/31/2021,S&P BSE Midcap,321.0743792
8/31/2021,S&P BSE Midcap,331.7300753
9/30/2021,S&P BSE Midcap,351.1951718
10/31/2021,S&P BSE Midcap,351.5377016
11/30/2021,S&P BSE Midcap,351.7502009
12/31/2021,S&P BSE Midcap,347.2593467
1/31/2022,S&P BSE Midcap,342.2935678
2/28/2022,S&P BSE Midcap,324.8068837
3/31/2022,S&P BSE Midcap,335.2699676
4/30/2022,S&P BSE Midcap,339.5821166
5/31/2022,S&P BSE Midcap,321.8615164
6/30/2022,S&P BSE Midcap,301.9664149
7/31/2022,S&P BSE Midcap,334.4762941
8/31/2022,S&P BSE Midcap,353.096122
9/30/2022,S&P BSE Midcap,345.6441856
10/31/2022,S&P BSE Midcap,352.6683422
11/30/2022,S&P BSE Midcap,360.8994888
12/31/2022,S&P BSE Midcap,352.0492017
1/31/2023,S&P BSE Midcap,342.7068844
2/28/2023,S&P BSE Midcap,335.9651794
3/31/2023,S&P BSE Midcap,334.6805882
4/30/2023,S&P BSE Midcap,354.5236774
5/31/2023,S&P BSE Midcap,376.8808774
6/30/2023,S&P BSE Midcap,400.1911252
7/31/2023,S&P BSE Midcap,423.0480043
8/31/2023,S&P BSE Midcap,433.9072991
9/30/2023,S&P BSE Midcap,449.7628292
10/31/2023,S&P BSE Midcap,434.5261614
11/30/2023,S&P BSE Midcap,476.4046422
12/31/2023,S&P BSE Midcap,512.3236878
1/31/2024,S&P BSE Midcap,539.2376612
2/29/2024,S&P BSE Midcap,547.1991507
3/31/2011,S&P BSE Smallcap,100
4/30/2011,S&P BSE Smallcap,97.96
5/31/2011,S&P BSE Smallcap,92.56941304
6/30/2011,S&P BSE Smallcap,91.68010501
7/31/2011,S&P BSE Smallcap,93.35463877
8/31/2011,S&P BSE Smallcap,80.15776614
9/29/2011,S&P BSE Smallcap,77.34327256
10/31/2011,S&P BSE Smallcap,78.39454886
11/30/2011,S&P BSE Smallcap,68.53314335
12/31/2011,S&P BSE Smallcap,62.38351985
1/31/2012,S&P BSE Smallcap,72.64742941
2/29/2012,S&P BSE Smallcap,77.10633357
3/31/2012,S&P BSE Smallcap,74.514167
4/30/2012,S&P BSE Smallcap,76.03426329
5/31/2012,S&P BSE Smallcap,70.48597927
6/30/2012,S&P BSE Smallcap,73.55168663
7/31/2012,S&P BSE Smallcap,72.47422116
8/31/2012,S&P BSE Smallcap,71.88074967
9/30/2012,S&P BSE Smallcap,78.88101564
10/31/2012,S&P BSE Smallcap,78.55820312
11/30/2012,S&P BSE Smallcap,81.77823554
12/31/2012,S&P BSE Smallcap,82.95045413
1/31/2013,S&P BSE Smallcap,79.51247829
2/28/2013,S&P BSE Smallcap,69.7578527
3/31/2013,S&P BSE Smallcap,65.24420979
4/30/2013,S&P BSE Smallcap,67.6736996
5/31/2013,S&P BSE Smallcap,66.80070888
6/30/2013,S&P BSE Smallcap,63.42957412
7/31/2013,S&P BSE Smallcap,59.69293524
8/31/2013,S&P BSE Smallcap,58.34634707
9/30/2013,S&P BSE Smallcap,61.43705971
10/31/2013,S&P BSE Smallcap,66.26852501
11/30/2013,S&P BSE Smallcap,68.55472399
12/31/2013,S&P BSE Smallcap,73.63053305
1/31/2014,S&P BSE Smallcap,70.39606895
2/28/2014,S&P BSE Smallcap,72.43814895
3/31/2014,S&P BSE Smallcap,79.48482418
4/30/2014,S&P BSE Smallcap,84.18189584
5/31/2014,S&P BSE Smallcap,101.3316978
6/30/2014,S&P BSE Smallcap,114.6780756
7/31/2014,S&P BSE Smallcap,112.2754219
8/31/2014,S&P BSE Smallcap,115.3666033
9/30/2014,S&P BSE Smallcap,120.054009
10/31/2014,S&P BSE Smallcap,122.8576857
11/30/2014,S&P BSE Smallcap,126.6772948
12/31/2014,S&P BSE Smallcap,124.612386
1/31/2015,S&P BSE Smallcap,127.3344644
2/28/2015,S&P BSE Smallcap,126.6284032
3/31/2015,S&P BSE Smallcap,122.4024886
4/30/2015,S&P BSE Smallcap,123.0046975
5/31/2015,S&P BSE Smallcap,126.7872164
6/30/2015,S&P BSE Smallcap,124.4806599
7/31/2015,S&P BSE Smallcap,132.9714899
8/31/2015,S&P BSE Smallcap,123.3108596
9/30/2015,S&P BSE Smallcap,123.867886
10/31/2015,S&P BSE Smallcap,127.1785735
11/30/2015,S&P BSE Smallcap,130.7875556
12/31/2015,S&P BSE Smallcap,133.037915
1/31/2016,S&P BSE Smallcap,122.1708439
2/29/2016,S&P BSE Smallcap,107.3178201
3/31/2016,S&P BSE Smallcap,118.4825114
4/30/2016,S&P BSE Smallcap,123.8651885
5/31/2016,S&P BSE Smallcap,125.2344887
6/30/2016,S&P BSE Smallcap,132.6401514
7/31/2016,S&P BSE Smallcap,138.3568645
8/31/2016,S&P BSE Smallcap,142.1652341
9/30/2016,S&P BSE Smallcap,143.6489518
10/31/2016,S&P BSE Smallcap,152.6667988
11/30/2016,S&P BSE Smallcap,138.5782813
12/31/2016,S&P BSE Smallcap,135.3916771
1/31/2017,S&P BSE Smallcap,145.3894904
2/28/2017,S&P BSE Smallcap,153.8769486
3/31/2017,S&P BSE Smallcap,162.2284097
4/30/2017,S&P BSE Smallcap,172.778304
5/31/2017,S&P BSE Smallcap,169.4930176
6/30/2017,S&P BSE Smallcap,173.2055148
7/31/2017,S&P BSE Smallcap,180.8824975
8/31/2017,S&P BSE Smallcap,179.736862
9/30/2017,S&P BSE Smallcap,181.1086349
10/31/2017,S&P BSE Smallcap,197.819537
11/30/2017,S&P BSE Smallcap,204.8821723
12/31/2017,S&P BSE Smallcap,216.1423987
1/31/2018,S&P BSE Smallcap,210.3658919
2/28/2018,S&P BSE Smallcap,203.7476638
3/31/2018,S&P BSE Smallcap,191.0069792
4/30/2018,S&P BSE Smallcap,206.8243464
5/31/2018,S&P BSE Smallcap,193.8740463
6/30/2018,S&P BSE Smallcap,182.8970194
7/31/2018,S&P BSE Smallcap,189.1944271
8/31/2018,S&P BSE Smallcap,196.142441
9/30/2018,S&P BSE Smallcap,164.6272247
10/31/2018,S&P BSE Smallcap,162.011224
11/30/2018,S&P BSE Smallcap,164.5870681
12/31/2018,S&P BSE Smallcap,167.7759856
1/31/2019,S&P BSE Smallcap,158.8722742
2/28/2019,S&P BSE Smallcap,156.1756179
3/31/2019,S&P BSE Smallcap,171.434234
4/30/2019,S&P BSE Smallcap,166.839035
5/31/2019,S&P BSE Smallcap,169.6052809
6/30/2019,S&P BSE Smallcap,162.444277
7/31/2019,S&P BSE Smallcap,144.7941725
8/31/2019,S&P BSE Smallcap,142.9976185
9/30/2019,S&P BSE Smallcap,150.2538803
10/31/2019,S&P BSE Smallcap,154.6721391
11/30/2019,S&P BSE Smallcap,154.7008876
12/31/2019,S&P BSE Smallcap,156.2843375
1/31/2020,S&P BSE Smallcap,167.3341483
2/29/2020,S&P BSE Smallcap,156.3941979
3/31/2020,S&P BSE Smallcap,109.6199092
4/30/2020,S&P BSE Smallcap,126.6513503
5/31/2020,S&P BSE Smallcap,124.264311
6/30/2020,S&P BSE Smallcap,141.2413353
7/31/2020,S&P BSE Smallcap,148.5540674
8/31/2020,S&P BSE Smallcap,163.5491554
9/30/2020,S&P BSE Smallcap,169.6089315
10/31/2020,S&P BSE Smallcap,169.8453082
11/30/2020,S&P BSE Smallcap,192.4633156
12/31/2020,S&P BSE Smallcap,206.4657814
1/31/2021,S&P BSE Smallcap,205.2119126
2/28/2021,S&P BSE Smallcap,229.9350643
3/31/2021,S&P BSE Smallcap,235.5704575
4/30/2021,S&P BSE Smallcap,247.2156592
5/31/2021,S&P BSE Smallcap,269.1862547
6/30/2021,S&P BSE Smallcap,287.8521401
7/31/2021,S&P BSE Smallcap,305.585524
8/31/2021,S&P BSE Smallcap,307.1064573
9/30/2021,S&P BSE Smallcap,320.3604349
10/31/2021,S&P BSE Smallcap,319.2317135
11/30/2021,S&P BSE Smallcap,318.7127572
12/31/2021,S&P BSE Smallcap,336.0582644
1/31/2022,S&P BSE Smallcap,333.4226417
2/28/2022,S&P BSE Smallcap,304.1676062
3/31/2022,S&P BSE Smallcap,321.888099
4/30/2022,S&P BSE Smallcap,326.4088028
5/31/2022,S&P BSE Smallcap,300.8419051
6/30/2022,S&P BSE Smallcap,282.7669614
7/31/2022,S&P BSE Smallcap,308.662984
8/31/2022,S&P BSE Smallcap,326.853264
9/30/2022,S&P BSE Smallcap,324.5947944
10/31/2022,S&P BSE Smallcap,328.7551151
11/30/2022,S&P BSE Smallcap,336.7638579
12/31/2022,S&P BSE Smallcap,330.000884
1/31/2023,S&P BSE Smallcap,321.7767556
2/28/2023,S&P BSE Smallcap,311.9115661
3/31/2023,S&P BSE Smallcap,307.5293571
4/30/2023,S&P BSE Smallcap,329.8899969
5/31/2023,S&P BSE Smallcap,350.7783021
6/30/2023,S&P BSE Smallcap,371.9297932
7/31/2023,S&P BSE Smallcap,399.3113838
8/31/2023,S&P BSE Smallcap,423.7402054
9/30/2023,S&P BSE Smallcap,428.5151967
10/31/2023,S&P BSE Smallcap,421.1782793
11/30/2023,S&P BSE Smallcap,460.5649984
12/31/2023,S&P BSE Smallcap,486.828249
1/31/2024,S&P BSE Smallcap,521.6096159
2/29/2024,S&P BSE Smallcap,515.9342942
