Date,Group,Portfolio Return,Peak,Drawdown
2011-03-31,India Under-served,100.0,100.0,0.0
2011-04-30,India Under-served,99.18617633,100.0,-0.00813823670000005
2011-05-31,India Under-served,97.60595223,100.0,-0.023940477700000004
2011-06-30,India Under-served,97.16342912,100.0,-0.028365708799999965
2011-07-31,India Under-served,98.70353871,100.0,-0.012964612899999964
2011-08-31,India Under-served,94.83211337,100.0,-0.05167886629999998
2011-09-29,India Under-served,93.95200062,100.0,-0.06047999379999993
2011-10-31,India Under-served,95.87269256,100.0,-0.04127307439999996
2011-11-30,India Under-served,92.53842325,100.0,-0.07461576750000005
2011-12-31,India Under-served,88.94324254,100.0,-0.1105675746
2012-01-31,India Under-served,97.603469,100.0,-0.02396530999999996
2012-02-29,India Under-served,101.1507743,101.1507743,0.0
2012-03-31,India Under-served,99.92896612,101.1507743,-0.012079078864747716
2012-04-30,India Under-served,98.08163002,101.1507743,-0.030342271734839197
2012-05-31,India Under-served,95.93331104,101.1507743,-0.0515810511200406
2012-06-30,India Under-served,100.7137352,101.1507743,-0.004320669841871815
2012-07-31,India Under-served,101.3989279,101.3989279,0.0
2012-08-31,India Under-served,104.2845501,104.2845501,0.0
2012-09-30,India Under-served,112.3420974,112.3420974,0.0
2012-10-31,India Under-served,113.7390038,113.7390038,0.0
2012-11-30,India Under-served,121.087036,121.087036,0.0
2012-12-31,India Under-served,123.3012537,123.3012537,0.0
2013-01-31,India Under-served,117.8403056,123.3012537,-0.04428947748809475
2013-02-28,India Under-served,113.0806297,123.3012537,-0.08289148482518634
2013-03-31,India Under-served,114.6933694,123.3012537,-0.06981181489803465
2013-04-30,India Under-served,119.4900903,123.3012537,-0.03090936454930789
2013-05-31,India Under-served,121.7804217,123.3012537,-0.012334278479440948
2013-06-30,India Under-served,117.8202526,123.3012537,-0.04445211168197554
2013-07-31,India Under-served,115.3260063,123.3012537,-0.06468099196626417
2013-08-31,India Under-served,118.4738597,123.3012537,-0.039151215864725614
2013-09-30,India Under-served,128.2841664,128.2841664,0.0
2013-10-31,India Under-served,139.5364894,139.5364894,0.0
2013-11-30,India Under-served,143.9849531,143.9849531,0.0
2013-12-31,India Under-served,149.3813881,149.3813881,0.0
2014-01-31,India Under-served,138.7210648,149.3813881,-0.07136312920632189
2014-02-28,India Under-served,144.3669756,149.3813881,-0.03356785315613237
2014-03-31,India Under-served,147.679092,149.3813881,-0.011395637178444535
2014-04-30,India Under-served,151.7242507,151.7242507,0.0
2014-05-31,India Under-served,172.7185952,172.7185952,0.0
2014-06-30,India Under-served,182.9964719,182.9964719,0.0
2014-07-31,India Under-served,178.2580899,182.9964719,-0.02589329701716507
2014-08-31,India Under-served,181.0430021,182.9964719,-0.010674904164641404
2014-09-30,India Under-served,188.3832431,188.3832431,0.0
2014-10-31,India Under-served,196.0471721,196.0471721,0.0
2014-11-30,India Under-served,197.0201805,197.0201805,0.0
2014-12-31,India Under-served,200.9177424,200.9177424,0.0
2015-01-31,India Under-served,202.5973457,202.5973457,0.0
2015-02-28,India Under-served,207.480795,207.480795,0.0
2015-03-31,India Under-served,214.2916183,214.2916183,0.0
2015-04-30,India Under-served,210.9081816,214.2916183,-0.01578893624884256
2015-05-31,India Under-served,211.1180853,214.2916183,-0.0148094126367425
2015-06-30,India Under-served,209.1369917,214.2916183,-0.024054261388719935
2015-07-31,India Under-served,224.2062691,224.2062691,0.0
2015-08-31,India Under-served,211.8694552,224.2062691,-0.055024393160467526
2015-09-30,India Under-served,219.1315728,224.2062691,-0.022634051761222584
2015-10-31,India Under-served,224.6663988,224.6663988,0.0
2015-11-30,India Under-served,238.6557981,238.6557981,0.0
2015-12-31,India Under-served,245.5911658,245.5911658,0.0
2016-01-31,India Under-served,231.7834522,245.5911658,-0.056222354558325076
2016-02-29,India Under-served,211.7175517,245.5911658,-0.13792684272521988
2016-03-31,India Under-served,235.347383,245.5911658,-0.04171071368398541
2016-04-30,India Under-served,239.6399359,245.5911658,-0.024232263732346302
2016-05-31,India Under-served,247.50547,247.50547,0.0
2016-06-30,India Under-served,261.46914,261.46914,0.0
2016-07-31,India Under-served,269.232262,269.232262,0.0
2016-08-31,India Under-served,277.220109,277.220109,0.0
2016-09-30,India Under-served,278.5562609,278.5562609,0.0
2016-10-31,India Under-served,288.2971105,288.2971105,0.0
2016-11-30,India Under-served,269.4224917,288.2971105,-0.06546933046698
2016-12-31,India Under-served,266.834646,288.2971105,-0.07444564554524023
2017-01-31,India Under-served,272.6143836,288.2971105,-0.05439779425052538
2017-02-28,India Under-served,279.7171438,288.2971105,-0.029760848747736584
2017-03-31,India Under-served,291.1076042,291.1076042,0.0
2017-04-30,India Under-served,301.7430596,301.7430596,0.0
2017-05-31,India Under-served,291.8737517,301.7430596,-0.03270765502637585
2017-06-30,India Under-served,288.0323627,301.7430596,-0.04543831734912242
2017-07-31,India Under-served,291.0527186,301.7430596,-0.03542862266383671
2017-08-31,India Under-served,287.6210305,301.7430596,-0.046801504295477636
2017-09-30,India Under-served,282.7543156,301.7430596,-0.06293017650570677
2017-10-31,India Under-served,295.3108965,301.7430596,-0.02131668946595373
2017-11-30,India Under-served,296.405404,301.7430596,-0.01768940636803964
2017-12-31,India Under-served,312.3989699,312.3989699,0.0
2018-01-31,India Under-served,315.2465752,315.2465752,0.0
2018-02-28,India Under-served,305.4881781,315.2465752,-0.030954807657494792
2018-03-31,India Under-served,296.7653399,315.2465752,-0.05862469810583998
2018-04-30,India Under-served,325.1185949,325.1185949,0.0
2018-05-31,India Under-served,308.9276889,325.1185949,-0.049799999919967614
2018-06-30,India Under-served,303.1200521,325.1185949,-0.06766313322302069
2018-07-31,India Under-served,299.4451291,325.1185949,-0.07896646393878726
2018-08-31,India Under-served,319.4760207,325.1185949,-0.017355433643331156
2018-09-30,India Under-served,288.5842285,325.1185949,-0.11237242954755403
2018-10-31,India Under-served,300.6959286,325.1185949,-0.07511925396796183
2018-11-30,India Under-served,297.9728535,325.1185949,-0.08349489025181568
2018-12-31,India Under-served,293.7131505,325.1185949,-0.09659688769773292
2019-01-31,India Under-served,283.0095129,325.1185949,-0.12951914366187486
2019-02-28,India Under-served,271.9306128,325.1185949,-0.16359563228415022
2019-03-31,India Under-served,292.8295698,325.1185949,-0.0993146058284715
2019-04-30,India Under-served,287.6568778,325.1185949,-0.11522477547469244
2019-05-31,India Under-served,290.0039408,325.1185949,-0.10800567746917264
2019-06-30,India Under-served,274.5640374,325.1185949,-0.1554957430704619
2019-07-31,India Under-served,248.3360996,325.1185949,-0.23616765237194987
2019-08-31,India Under-served,246.3983331,325.1185949,-0.24212783591849857
2019-09-30,India Under-served,274.9536541,325.1185949,-0.15429735975399914
2019-10-31,India Under-served,265.4712675,325.1185949,-0.18346329104413828
2019-11-30,India Under-served,262.4979405,325.1185949,-0.19260865229582097
2019-12-31,India Under-served,265.1484652,325.1185949,-0.18445616658267622
2020-01-31,India Under-served,279.8548487,325.1185949,-0.13922226199926288
2020-02-29,India Under-served,258.9373148,325.1185949,-0.20356042729686386
2020-03-31,India Under-served,179.2637385,325.1185949,-0.4486204686165738
2020-04-30,India Under-served,209.3048537,325.1185949,-0.3562199856197767
2020-05-31,India Under-served,201.9564712,325.1185949,-0.3788221456169931
2020-06-30,India Under-served,229.5212199,325.1185949,-0.2940384724208218
2020-07-31,India Under-served,259.0096609,325.1185949,-0.20333790511223704
2020-08-31,India Under-served,284.1250332,325.1185949,-0.1260880255483658
2020-09-30,India Under-served,282.6585992,325.1185949,-0.130598484264057
2020-10-31,India Under-served,268.2252639,325.1185949,-0.17499254700426853
2020-11-30,India Under-served,300.6162208,325.1185949,-0.07536441927456176
2020-12-31,India Under-served,312.8226696,325.1185949,-0.03781981557770328
2021-01-31,India Under-served,324.3677038,325.1185949,-0.0023095913669008965
2021-02-28,India Under-served,335.6115209,335.6115209,0.0
2021-03-31,India Under-served,340.1563309,340.1563309,0.0
2021-04-30,India Under-served,347.6572437,347.6572437,0.0
2021-05-31,India Under-served,379.5220725,379.5220725,0.0
2021-06-30,India Under-served,429.8500567,429.8500567,0.0
2021-07-31,India Under-served,528.4923504,528.4923504,0.0
2021-08-31,India Under-served,597.6202855,597.6202855,0.0
2021-09-30,India Under-served,608.2995206,608.2995206,0.0
2021-10-31,India Under-served,606.8691217,608.2995206,-0.002351471358368189
2021-11-30,India Under-served,556.3463735,608.2995206,-0.0854071807400994
2021-12-31,India Under-served,601.2452908,608.2995206,-0.011596638762828624
2022-01-31,India Under-served,600.6007142,608.2995206,-0.012656275632777606
2022-02-28,India Under-served,582.4974927,608.2995206,-0.042416650065004335
2022-03-31,India Under-served,648.7557869,648.7557869,0.0
2022-04-30,India Under-served,682.5670943,682.5670943,0.0
2022-05-31,India Under-served,632.5655804,682.5670943,-0.07325508996486056
2022-06-30,India Under-served,628.6256592,682.5670943,-0.07902730083306923
2022-07-31,India Under-served,676.1818729,682.5670943,-0.009354716119956353
2022-08-31,India Under-served,719.9400259,719.9400259,0.0
2022-09-30,India Under-served,681.1906685,719.9400259,-0.05382303526124871
2022-10-31,India Under-served,692.5728842,719.9400259,-0.03801308541748081
2022-11-30,India Under-served,737.3512007,737.3512007,0.0
2022-12-31,India Under-served,708.6219685,737.3512007,-0.03896275231223078
2023-01-31,India Under-served,681.5937373,737.3512007,-0.07561859714484358
2023-02-28,India Under-served,672.681468,737.3512007,-0.08770546876251943
2023-03-31,India Under-served,668.789171,737.3512007,-0.09298422466107206
2023-04-30,India Under-served,710.266558,737.3512007,-0.03673235043801023
2023-05-31,India Under-served,701.564174,737.3512007,-0.04853457438738266
2023-06-30,India Under-served,763.007787,763.007787,0.0
2023-07-31,India Under-served,812.1472584,812.1472584,0.0
2023-08-31,India Under-served,848.8492661,848.8492661,0.0
2023-09-30,India Under-served,880.5596051,880.5596051,0.0
2023-10-31,India Under-served,861.2615631,880.5596051,-0.021915656689484916
2023-11-30,India Under-served,903.0891496,903.0891496,0.0
2023-12-31,India Under-served,904.649659,904.649659,0.0
2024-01-31,India Under-served,938.0391991,938.0391991,0.0
2024-02-29,India Under-served,906.4121182,938.0391991,-0.03371616125460914
2011-03-31,Nifty 50,100.0,100.0,0.0
2011-04-30,Nifty 50,98.42,100.0,-0.015799999999999984
2011-05-31,Nifty 50,95.17870476,100.0,-0.04821295239999998
2011-06-30,Nifty 50,96.67225115,100.0,-0.03327748850000006
2011-07-31,Nifty 50,93.84093225,100.0,-0.06159067750000005
2011-08-31,Nifty 50,85.60716932,100.0,-0.14392830680000002
2011-09-29,Nifty 50,84.61860423,100.0,-0.15381395769999998
2011-10-31,Nifty 50,91.18079346,100.0,-0.08819206539999996
2011-11-30,Nifty 50,82.71508149,100.0,-0.17284918509999997
2011-12-31,Nifty 50,79.15881485,100.0,-0.20841185150000002
2012-01-31,Nifty 50,89.00081485,100.0,-0.10999185150000003
2012-02-29,Nifty 50,92.18390886,100.0,-0.07816091139999998
2012-03-31,Nifty 50,90.65365597,100.0,-0.09346344029999998
2012-04-30,Nifty 50,89.84735876,100.0,-0.10152641239999995
2012-05-31,Nifty 50,84.29743189,100.0,-0.1570256811
2012-06-30,Nifty 50,90.36684698,100.0,-0.09633153019999995
2012-07-31,Nifty 50,89.51263386,100.0,-0.10487366140000005
2012-08-31,Nifty 50,90.01762959,100.0,-0.09982370410000002
2012-09-30,Nifty 50,97.62680262,100.0,-0.023731973799999934
2012-10-31,Nifty 50,96.20083161,100.0,-0.03799168390000005
2012-11-30,Nifty 50,100.6542093,100.6542093,0.0
2012-12-31,Nifty 50,101.0864514,101.0864514,0.0
2013-01-31,Nifty 50,103.3058648,103.3058648,0.0
2013-02-28,Nifty 50,97.45647355,103.3058648,-0.05662206362944069
2013-03-31,Nifty 50,97.27758366,103.3058648,-0.05835371642907916
2013-04-30,Nifty 50,101.0605057,103.3058648,-0.021735059324531222
2013-05-31,Nifty 50,102.463268,103.3058648,-0.00815633073331569
2013-06-30,Nifty 50,100.0026569,103.3058648,-0.03197502781081205
2013-07-31,Nifty 50,98.28750402,103.3058648,-0.048577694884172684
2013-08-31,Nifty 50,93.6624111,103.3058648,-0.09334855981961632
2013-09-30,Nifty 50,98.17281815,103.3058648,-0.049687853249547526
2013-10-31,Nifty 50,107.8244046,107.8244046,0.0
2013-11-30,Nifty 50,105.7181215,107.8244046,-0.019534381922290706
2013-12-31,Nifty 50,107.9074234,107.9074234,0.0
2014-01-31,Nifty 50,104.2357638,107.9074234,-0.03402601493309308
2014-02-28,Nifty 50,107.4444006,107.9074234,-0.004290926290433551
2014-03-31,Nifty 50,114.7577646,114.7577646,0.0
2014-04-30,Nifty 50,114.6242497,114.7577646,-0.001163449815055117
2014-05-31,Nifty 50,123.7571821,123.7571821,0.0
2014-06-30,Nifty 50,130.2857182,130.2857182,0.0
2014-07-31,Nifty 50,132.1677647,132.1677647,0.0
2014-08-31,Nifty 50,136.1569501,136.1569501,0.0
2014-09-30,Nifty 50,136.3358259,136.3358259,0.0
2014-10-31,Nifty 50,142.4535468,142.4535468,0.0
2014-11-30,Nifty 50,145.103304,145.103304,0.0
2014-12-31,Nifty 50,141.7774137,145.103304,-0.0229208447245281
2015-01-31,Nifty 50,150.784534,150.784534,0.0
2015-02-28,Nifty 50,152.3755865,152.3755865,0.0
2015-03-31,Nifty 50,145.3429461,152.3755865,-0.046153327849537046
2015-04-30,Nifty 50,140.0451435,152.3755865,-0.0809213817201616
2015-05-31,Nifty 50,144.3612693,152.3755865,-0.05259580871244091
2015-06-30,Nifty 50,143.2460776,152.3755865,-0.059914511961533884
2015-07-31,Nifty 50,146.0593049,152.3755865,-0.04145205767591908
2015-08-31,Nifty 50,136.4470883,152.3755865,-0.10453445047117182
2015-09-30,Nifty 50,136.0636609,152.3755865,-0.10705078139272656
2015-10-31,Nifty 50,138.0646726,152.3755865,-0.09391867968298191
2015-11-30,Nifty 50,135.8300098,152.3755865,-0.10858417073262584
2015-12-31,Nifty 50,136.0200118,152.3755865,-0.10733723869866782
2016-01-31,Nifty 50,129.4675115,152.3755865,-0.15033953618285167
2016-02-29,Nifty 50,119.5993913,152.3755865,-0.2151013554917474
2016-03-31,Nifty 50,132.4604704,152.3755865,-0.13069755173674102
2016-04-30,Nifty 50,134.367337,152.3755865,-0.11818329900242915
2016-05-31,Nifty 50,139.6788334,152.3755865,-0.08332537640470375
2016-06-30,Nifty 50,141.8638561,152.3755865,-0.06898565998300525
2016-07-31,Nifty 50,147.867747,152.3755865,-0.02958373846849796
2016-08-31,Nifty 50,150.3959714,152.3755865,-0.012991681577547133
2016-09-30,Nifty 50,147.399589,152.3755865,-0.032656133533569734
2016-10-31,Nifty 50,147.6486457,152.3755865,-0.0310216413834771
2016-11-30,Nifty 50,140.7811872,152.3755865,-0.07609092484116536
2016-12-31,Nifty 50,140.1187479,152.3755865,-0.0804383358353801
2017-01-31,Nifty 50,146.5462919,152.3755865,-0.03825609294701548
2017-02-28,Nifty 50,151.9947267,152.3755865,-0.002499480453189239
2017-03-31,Nifty 50,157.0297788,157.0297788,0.0
2017-04-30,Nifty 50,159.2601623,159.2601623,0.0
2017-05-31,Nifty 50,164.689768,164.689768,0.0
2017-06-30,Nifty 50,162.9720476,164.689768,-0.010430037159321219
2017-07-31,Nifty 50,172.4926867,172.4926867,0.0
2017-08-31,Nifty 50,169.7676134,172.4926867,-0.01579819615622011
2017-09-30,Nifty 50,167.5543472,172.4926867,-0.028629268837285796
2017-10-31,Nifty 50,176.9123721,176.9123721,0.0
2017-11-30,Nifty 50,175.0508663,176.9123721,-0.010522191172405874
2017-12-31,Nifty 50,180.2570914,180.2570914,0.0
2018-01-31,Nifty 50,188.7643866,188.7643866,0.0
2018-02-28,Nifty 50,179.6092018,188.7643866,-0.04850059359661014
2018-03-31,Nifty 50,173.1191796,188.7643866,-0.0828821965933271
2018-04-30,Nifty 50,183.8286148,188.7643866,-0.026147791375812402
2018-05-31,Nifty 50,183.7738395,188.7643866,-0.026437969523219303
2018-06-30,Nifty 50,183.3998266,188.7643866,-0.02841934380009785
2018-07-31,Nifty 50,194.392553,194.392553,0.0
2018-08-31,Nifty 50,199.9385564,199.9385564,0.0
2018-09-30,Nifty 50,187.0997298,199.9385564,-0.06421386065384237
2018-10-31,Nifty 50,177.7904893,199.9385564,-0.11077436737959771
2018-11-30,Nifty 50,186.1805311,199.9385564,-0.06881126655969
2018-12-31,Nifty 50,185.9374655,199.9385564,-0.0700269680450689
2019-01-31,Nifty 50,185.396559,199.9385564,-0.07273233168147458
2019-02-28,Nifty 50,184.738399,199.9385564,-0.07602414298515972
2019-03-31,Nifty 50,198.9697175,199.9385564,-0.0048456831810955725
2019-04-30,Nifty 50,201.0965413,201.0965413,0.0
2019-05-31,Nifty 50,204.0860768,204.0860768,0.0
2019-06-30,Nifty 50,201.7932152,204.0860768,-0.011234777187896871
2019-07-31,Nifty 50,190.3100783,204.0860768,-0.06750092272830645
2019-08-31,Nifty 50,188.6882147,204.0860768,-0.0754478813127932
2019-09-30,Nifty 50,196.4115379,204.0860768,-0.03760442172407906
2019-10-31,Nifty 50,203.3098075,204.0860768,-0.0038036367407891475
2019-11-30,Nifty 50,206.3669563,206.3669563,0.0
2019-12-31,Nifty 50,208.2909401,208.2909401,0.0
2020-01-31,Nifty 50,204.7587865,208.2909401,-0.01695778797822031
2020-02-29,Nifty 50,191.7436517,208.2909401,-0.0794431500095765
2020-03-31,Nifty 50,147.1702173,208.2909401,-0.2934391806511416
2020-04-30,Nifty 50,168.7748103,208.2909401,-0.1897160278840183
2020-05-31,Nifty 50,163.9888148,208.2909401,-0.21269348190915385
2020-06-30,Nifty 50,176.3440779,208.2909401,-0.15337614869212451
2020-07-31,Nifty 50,189.5475029,208.2909401,-0.08998680975274924
2020-08-31,Nifty 50,194.9231891,208.2909401,-0.06417826427583538
2020-09-30,Nifty 50,192.5259226,208.2909401,-0.07568748545871103
2020-10-31,Nifty 50,199.282089,208.2909401,-0.0432512863770016
2020-11-30,Nifty 50,221.9923595,221.9923595,0.0
2020-12-31,Nifty 50,239.3286791,239.3286791,0.0
2021-01-31,Nifty 50,233.3864365,239.3286791,-0.024828794536224833
2021-02-28,Nifty 50,248.6986449,248.6986449,0.0
2021-03-31,Nifty 50,251.4639316,251.4639316,0.0
2021-04-30,Nifty 50,250.4437454,251.4639316,-0.004056988187167847
2021-05-31,Nifty 50,266.7342029,266.7342029,0.0
2021-06-30,Nifty 50,269.1083612,269.1083612,0.0
2021-07-31,Nifty 50,269.8195816,269.8195816,0.0
2021-08-31,Nifty 50,293.2556222,293.2556222,0.0
2021-09-30,Nifty 50,301.5737349,301.5737349,0.0
2021-10-31,Nifty 50,302.4895061,302.4895061,0.0
2021-11-30,Nifty 50,290.7051566,302.4895061,-0.03895787874407858
2021-12-31,Nifty 50,294.4846386,302.4895061,-0.026463289927663527
2022-01-31,Nifty 50,289.851817,302.4895061,-0.04177893396348815
2022-02-28,Nifty 50,280.7257519,302.4895061,-0.07194879082121007
2022-03-31,Nifty 50,291.9396374,302.4895061,-0.03487680890494219
2022-04-30,Nifty 50,293.9912528,302.4895061,-0.02809437394892835
2022-05-31,Nifty 50,285.0868807,302.4895061,-0.05753133596061643
2022-06-30,Nifty 50,271.2610381,302.4895061,-0.10323818635108684
2022-07-31,Nifty 50,294.9487307,302.4895061,-0.02492904794359089
2022-08-31,Nifty 50,305.2807246,305.2807246,0.0
2022-09-30,Nifty 50,293.8502956,305.2807246,-0.037442354131519265
2022-10-31,Nifty 50,309.6280522,309.6280522,0.0
2022-11-30,Nifty 50,322.4543017,322.4543017,0.0
2022-12-31,Nifty 50,312.9078866,322.4543017,-0.02960548223320536
2023-01-31,Nifty 50,303.6107251,322.4543017,-0.058437975553916915
2023-02-28,Nifty 50,297.4533002,322.4543017,-0.07753347177628915
2023-03-31,Nifty 50,298.4124971,322.4543017,-0.07455879631082614
2023-04-30,Nifty 50,310.5356793,322.4543017,-0.0369622062325241
2023-05-31,Nifty 50,318.6046219,322.4543017,-0.011938683341187351
2023-06-30,Nifty 50,338.4290075,338.4290075,0.0
2023-07-31,Nifty 50,348.3892599,348.3892599,0.0
2023-08-31,Nifty 50,339.5709753,348.3892599,-0.025311585674401057
2023-09-30,Nifty 50,346.3610545,348.3892599,-0.005821664538631749
2023-10-31,Nifty 50,336.498685,348.3892599,-0.03413014196652619
2023-11-30,Nifty 50,354.4350758,354.4350758,0.0
2023-12-31,Nifty 50,383.2673391,383.2673391,0.0
2024-01-31,Nifty 50,383.1668107,383.2673391,-0.0002622931560933264
2024-02-29,Nifty 50,403.5907528,403.5907528,0.0
2011-03-31,S&P BSE 500,100.0,100.0,0.0
2011-04-30,S&P BSE 500,98.53,100.0,-0.014699999999999989
2011-05-31,S&P BSE 500,95.96577424,100.0,-0.04034225759999998
2011-06-30,S&P BSE 500,96.38326187,100.0,-0.036167381300000016
2011-07-31,S&P BSE 500,94.34013285,100.0,-0.05659867149999997
2011-08-31,S&P BSE 500,86.06082376,100.0,-0.13939176239999995
2011-09-29,S&P BSE 500,84.71483408,100.0,-0.15285165919999996
2011-10-31,S&P BSE 500,89.72282841,100.0,-0.10277171589999995
2011-11-30,S&P BSE 500,81.14940744,100.0,-0.18850592559999996
2011-12-31,S&P BSE 500,76.66118323,100.0,-0.23338816769999993
2012-01-31,S&P BSE 500,86.88452275,100.0,-0.1311547725
2012-02-29,S&P BSE 500,90.97011749,100.0,-0.09029882509999992
2012-03-31,S&P BSE 500,89.67467207,100.0,-0.1032532793
2012-04-30,S&P BSE 500,88.8638413,100.0,-0.11136158699999996
2012-05-31,S&P BSE 500,83.31233035,100.0,-0.16687669650000003
2012-06-30,S&P BSE 500,88.65105129,100.0,-0.11348948710000002
2012-07-31,S&P BSE 500,87.63260434,100.0,-0.1236739566
2012-08-31,S&P BSE 500,87.98601618,100.0,-0.12013983820000007
2012-09-30,S&P BSE 500,95.60307606,100.0,-0.043969239399999936
2012-10-31,S&P BSE 500,94.43909878,100.0,-0.05560901220000005
2012-11-30,S&P BSE 500,99.13109198,100.0,-0.008689080200000063
2012-12-31,S&P BSE 500,100.5787008,100.5787008,0.0
2013-01-31,S&P BSE 500,101.6953177,101.6953177,0.0
2013-02-28,S&P BSE 500,95.03501694,101.6953177,-0.06549269829362063
2013-03-31,S&P BSE 500,93.99056821,101.6953177,-0.07576307016148884
2013-04-30,S&P BSE 500,97.97427846,101.6953177,-0.03659007439238287
2013-05-31,S&P BSE 500,98.7256766,101.6953177,-0.029201355255710104
2013-06-30,S&P BSE 500,95.03992544,101.6953177,-0.06544443156796391
2013-07-31,S&P BSE 500,92.67190693,101.6953177,-0.08872985476695155
2013-08-31,S&P BSE 500,88.53815584,101.6953177,-0.12937824629068445
2013-09-30,S&P BSE 500,93.12826455,101.6953177,-0.08424235592903809
2013-10-31,S&P BSE 500,101.5743299,101.6953177,-0.001189708658533537
2013-11-30,S&P BSE 500,100.7994506,101.6953177,-0.00880932495479095
2013-12-31,S&P BSE 500,103.8524035,103.8524035,0.0
2014-01-31,S&P BSE 500,99.48357519,103.8524035,-0.04206766683064777
2014-02-28,S&P BSE 500,102.2791636,103.8524035,-0.015148805872364718
2014-03-31,S&P BSE 500,110.0466623,110.0466623,0.0
2014-04-30,S&P BSE 500,110.6687149,110.6687149,0.0
2014-05-31,S&P BSE 500,122.1288632,122.1288632,0.0
2014-06-30,S&P BSE 500,129.893974,129.893974,0.0
2014-07-31,S&P BSE 500,130.4268777,130.4268777,0.0
2014-08-31,S&P BSE 500,133.9367189,133.9367189,0.0
2014-09-30,S&P BSE 500,134.960605,134.960605,0.0
2014-10-31,S&P BSE 500,140.5540372,140.5540372,0.0
2014-11-30,S&P BSE 500,145.3467209,145.3467209,0.0
2014-12-31,S&P BSE 500,142.235264,145.3467209,-0.021407135164340726
2015-01-31,S&P BSE 500,150.5216042,150.5216042,0.0
2015-02-28,S&P BSE 500,151.9558141,151.9558141,0.0
2015-03-31,S&P BSE 500,146.5750393,151.9558141,-0.035410127818202464
2015-04-30,S&P BSE 500,141.9063946,151.9558141,-0.06613382685960681
2015-05-31,S&P BSE 500,146.2435167,151.9558141,-0.03759183176920646
2015-06-30,S&P BSE 500,144.6485203,151.9558141,-0.04808828042072262
2015-07-31,S&P BSE 500,149.0249103,151.9558141,-0.019287868762107536
2015-08-31,S&P BSE 500,139.7778312,151.9558141,-0.0801416054537132
2015-09-30,S&P BSE 500,139.272256,151.9558141,-0.08346872526807778
2015-10-31,S&P BSE 500,141.5714228,151.9558141,-0.06833822951431251
2015-11-30,S&P BSE 500,140.3681776,151.9558141,-0.07625661820596309
2015-12-31,S&P BSE 500,141.0757972,151.9558141,-0.07159987240001228
2016-01-31,S&P BSE 500,132.8482264,151.9558141,-0.12574436728972788
2016-02-29,S&P BSE 500,122.1289959,151.9558141,-0.19628612683665647
2016-03-31,S&P BSE 500,135.1179422,151.9558141,-0.11080768445568817
2016-04-30,S&P BSE 500,138.098329,151.9558141,-0.09119417497826424
2016-05-31,S&P BSE 500,142.7576873,151.9558141,-0.060531588438905354
2016-06-30,S&P BSE 500,146.3190015,151.9558141,-0.03709507683786602
2016-07-31,S&P BSE 500,153.7017801,153.7017801,0.0
2016-08-31,S&P BSE 500,157.0041378,157.0041378,0.0
2016-09-30,S&P BSE 500,155.2232817,157.0041378,-0.011342733541637869
2016-10-31,S&P BSE 500,157.587851,157.587851,0.0
2016-11-30,S&P BSE 500,148.5164165,157.587851,-0.05756430107039159
2016-12-31,S&P BSE 500,146.4117323,157.587851,-0.07091992580062526
2017-01-31,S&P BSE 500,154.6832143,157.587851,-0.01843185678063468
2017-02-28,S&P BSE 500,161.5419776,161.5419776,0.0
2017-03-31,S&P BSE 500,167.5774399,167.5774399,0.0
2017-04-30,S&P BSE 500,172.1853253,172.1853253,0.0
2017-05-31,S&P BSE 500,175.1026976,175.1026976,0.0
2017-06-30,S&P BSE 500,174.8280871,175.1026976,-0.0015682825208513196
2017-07-31,S&P BSE 500,184.3635736,184.3635736,0.0
2017-08-31,S&P BSE 500,182.5713086,184.3635736,-0.009721361790743604
2017-09-30,S&P BSE 500,180.5624064,184.3635736,-0.020617777827669583
2017-10-31,S&P BSE 500,192.1686157,192.1686157,0.0
2017-11-30,S&P BSE 500,192.274878,192.274878,0.0
2017-12-31,S&P BSE 500,199.0196846,199.0196846,0.0
2018-01-31,S&P BSE 500,203.5965271,203.5965271,0.0
2018-02-28,S&P BSE 500,194.6218032,203.5965271,-0.044080928235047556
2018-03-31,S&P BSE 500,187.3922494,203.5965271,-0.07959014788126023
2018-04-30,S&P BSE 500,199.6263484,203.5965271,-0.01950022800757288
2018-05-31,S&P BSE 500,195.8847464,203.5965271,-0.03787776152101168
2018-06-30,S&P BSE 500,192.7386647,203.5965271,-0.05333029278376142
2018-07-31,S&P BSE 500,203.1694878,203.5965271,-0.002097478312045284
2018-08-31,S&P BSE 500,210.2190192,210.2190192,0.0
2018-09-30,S&P BSE 500,191.6422124,210.2190192,-0.08836882062667328
2018-10-31,S&P BSE 500,184.157682,210.2190192,-0.12397230897174692
2018-11-30,S&P BSE 500,191.4181462,210.2190192,-0.08943469088357348
2018-12-31,S&P BSE 500,192.8958693,210.2190192,-0.08240524556685785
2019-01-31,S&P BSE 500,186.8280374,210.2190192,-0.11126957917040835
2019-02-28,S&P BSE 500,188.3377322,210.2190192,-0.10408804628273133
2019-03-31,S&P BSE 500,203.0336418,210.2190192,-0.034180434421891705
2019-04-30,S&P BSE 500,203.4903974,210.2190192,-0.03200767383277747
2019-05-31,S&P BSE 500,205.8637224,210.2190192,-0.020717900866317005
2019-06-30,S&P BSE 500,202.8629056,210.2190192,-0.03499261688116556
2019-07-31,S&P BSE 500,190.026786,210.2190192,-0.09605331276324404
2019-08-31,S&P BSE 500,188.8321638,210.2190192,-0.10173606308976635
2019-09-30,S&P BSE 500,196.4728375,210.2190192,-0.06538980988643103
2019-10-31,S&P BSE 500,204.1289001,210.2190192,-0.028970352555045986
2019-11-30,S&P BSE 500,206.5239817,210.2190192,-0.01757708467131876
2019-12-31,S&P BSE 500,207.8815129,210.2190192,-0.011119385433799043
2020-01-31,S&P BSE 500,207.6136682,210.2190192,-0.012393507542346981
2020-02-29,S&P BSE 500,194.0530808,210.2190192,-0.07690045582707195
2020-03-31,S&P BSE 500,147.2314514,210.2190192,-0.29962830213794467
2020-04-30,S&P BSE 500,168.7594592,210.2190192,-0.19722078505444757
2020-05-31,S&P BSE 500,164.698009,210.2190192,-0.21654087424264787
2020-06-30,S&P BSE 500,178.2731892,210.2190192,-0.1519645088326052
2020-07-31,S&P BSE 500,190.3194386,210.2190192,-0.09466118087568348
2020-08-31,S&P BSE 500,197.533869,210.2190192,-0.0603425429738661
2020-09-30,S&P BSE 500,197.0164868,210.2190192,-0.06280370087465424
2020-10-31,S&P BSE 500,201.84552,210.2190192,-0.03983226271279263
2020-11-30,S&P BSE 500,225.1477508,225.1477508,0.0
2020-12-31,S&P BSE 500,242.7729722,242.7729722,0.0
2021-01-31,S&P BSE 500,238.4601273,242.7729722,-0.017764930177017406
2021-02-28,S&P BSE 500,256.9830732,256.9830732,0.0
2021-03-31,S&P BSE 500,260.0435879,260.0435879,0.0
2021-04-30,S&P BSE 500,261.2053099,261.2053099,0.0
2021-05-31,S&P BSE 500,279.3224425,279.3224425,0.0
2021-06-30,S&P BSE 500,284.7338623,284.7338623,0.0
2021-07-31,S&P BSE 500,288.5888903,288.5888903,0.0
2021-08-31,S&P BSE 500,307.4342051,307.4342051,0.0
2021-09-30,S&P BSE 500,317.5604359,317.5604359,0.0
2021-10-31,S&P BSE 500,318.2575753,318.2575753,0.0
2021-11-30,S&P BSE 500,315.7888662,318.2575753,-0.007756953146120486
2021-12-31,S&P BSE 500,315.8817297,318.2575753,-0.0074651659045678375
2022-01-31,S&P BSE 500,314.6120207,318.2575753,-0.011454730014088588
2022-02-28,S&P BSE 500,301.6953752,318.2575753,-0.05204023842759411
2022-03-31,S&P BSE 500,314.342982,318.2575753,-0.012300078941750106
2022-04-30,S&P BSE 500,312.4411381,318.2575753,-0.018275879826323796
2022-05-31,S&P BSE 500,298.45842,318.2575753,-0.06221110457885147
2022-06-30,S&P BSE 500,282.8958288,318.2575753,-0.11111046285910664
2022-07-31,S&P BSE 500,309.8938931,318.2575753,-0.026279601332713263
2022-08-31,S&P BSE 500,323.981149,323.981149,0.0
2022-09-30,S&P BSE 500,313.6458427,323.981149,-0.03190094958271789
2022-10-31,S&P BSE 500,326.2101376,326.2101376,0.0
2022-11-30,S&P BSE 500,337.0514172,337.0514172,0.0
2022-12-31,S&P BSE 500,326.4254482,337.0514172,-0.03152625521730041
2023-01-31,S&P BSE 500,315.4500472,337.0514172,-0.06408924246469548
2023-02-28,S&P BSE 500,306.2476752,337.0514172,-0.09139181866047943
2023-03-31,S&P BSE 500,307.2455596,337.0514172,-0.08843118906785011
2023-04-30,S&P BSE 500,321.1665898,337.0514172,-0.04712879575454877
2023-05-31,S&P BSE 500,332.4468483,337.0514172,-0.01366132484548415
2023-06-30,S&P BSE 500,345.9648511,345.9648511,0.0
2023-07-31,S&P BSE 500,359.103175,359.103175,0.0
2023-08-31,S&P BSE 500,356.1812922,359.103175,-0.008136610877918438
2023-09-30,S&P BSE 500,363.596971,363.596971,0.0
2023-10-31,S&P BSE 500,352.9500414,363.596971,-0.02928222853649686
2023-11-30,S&P BSE 500,377.3232534,377.3232534,0.0
2023-12-31,S&P BSE 500,407.5416901,407.5416901,0.0
2024-01-31,S&P BSE 500,415.2768193,415.2768193,0.0
2024-02-29,S&P BSE 500,421.560625,421.560625,0.0
2011-03-31,S&P BSE Midcap,100.0,100.0,0.0
2011-04-30,S&P BSE Midcap,98.66,100.0,-0.013400000000000033
2011-05-31,S&P BSE Midcap,96.10027431,100.0,-0.03899725689999997
2011-06-30,S&P BSE Midcap,95.31939526,100.0,-0.04680604740000007
2011-07-31,S&P BSE Midcap,96.17133917,100.0,-0.03828660830000004
2011-08-31,S&P BSE Midcap,87.24706678,100.0,-0.12752933220000004
2011-09-29,S&P BSE Midcap,85.24431715,100.0,-0.1475568285
2011-10-31,S&P BSE Midcap,87.58625895,100.0,-0.12413741049999999
2011-11-30,S&P BSE Midcap,78.26438493,100.0,-0.21735615069999994
2011-12-31,S&P BSE Midcap,71.41323168,100.0,-0.28586768320000006
2012-01-31,S&P BSE Midcap,81.65783634,100.0,-0.18342163659999997
2012-02-29,S&P BSE Midcap,88.82161934,100.0,-0.11178380660000002
2012-03-31,S&P BSE Midcap,88.25393487,100.0,-0.11746065130000005
2012-04-30,S&P BSE Midcap,87.83463829,100.0,-0.12165361709999999
2012-05-31,S&P BSE Midcap,81.86950115,100.0,-0.18130498849999996
2012-06-30,S&P BSE Midcap,85.57989349,100.0,-0.14420106509999997
2012-07-31,S&P BSE Midcap,83.6128849,100.0,-0.16387115100000002
2012-08-31,S&P BSE Midcap,83.42597458,100.0,-0.1657402542
2012-09-30,S&P BSE Midcap,91.88769955,100.0,-0.08112300450000007
2012-10-31,S&P BSE Midcap,91.31333971,100.0,-0.08686660290000006
2012-11-30,S&P BSE Midcap,95.98609769,100.0,-0.04013902310000006
2012-12-31,S&P BSE Midcap,98.91908774,100.0,-0.010809122600000052
2013-01-31,S&P BSE Midcap,96.94415215,100.0,-0.030558478500000062
2013-02-28,S&P BSE Midcap,87.65593311,100.0,-0.12344066889999994
2013-03-31,S&P BSE Midcap,85.41773766,100.0,-0.1458226234
2013-04-30,S&P BSE Midcap,88.22667712,100.0,-0.11773322879999995
2013-05-31,S&P BSE Midcap,88.85847293,100.0,-0.11141527069999996
2013-06-30,S&P BSE Midcap,82.94840759,100.0,-0.17051592409999997
2013-07-31,S&P BSE Midcap,77.08799029,100.0,-0.22912009710000006
2013-08-31,S&P BSE Midcap,73.70719427,100.0,-0.26292805729999996
2013-09-30,S&P BSE Midcap,77.96274171,100.0,-0.22037258289999997
2013-10-31,S&P BSE Midcap,84.93502508,100.0,-0.15064974919999996
2013-11-30,S&P BSE Midcap,87.96230471,100.0,-0.12037695290000001
2013-12-31,S&P BSE Midcap,93.25434219,100.0,-0.06745657809999997
2014-01-31,S&P BSE Midcap,87.7254682,100.0,-0.12274531800000005
2014-02-28,S&P BSE Midcap,90.40145656,100.0,-0.0959854344
2014-03-31,S&P BSE Midcap,98.50146,100.0,-0.014985400000000055
2014-04-30,S&P BSE Midcap,101.8474885,101.8474885,0.0
2014-05-31,S&P BSE Midcap,117.7537791,117.7537791,0.0
2014-06-30,S&P BSE Midcap,130.4332245,130.4332245,0.0
2014-07-31,S&P BSE Midcap,127.7803218,130.4332245,-0.020339163661479507
2014-08-31,S&P BSE Midcap,129.3199677,130.4332245,-0.008535070755687619
2014-09-30,S&P BSE Midcap,132.5394423,132.5394423,0.0
2014-10-31,S&P BSE Midcap,136.7699571,136.7699571,0.0
2014-11-30,S&P BSE Midcap,142.8335559,142.8335559,0.0
2014-12-31,S&P BSE Midcap,144.2516545,144.2516545,0.0
2015-01-31,S&P BSE Midcap,149.3417621,149.3417621,0.0
2015-02-28,S&P BSE Midcap,150.3466832,150.3466832,0.0
2015-03-31,S&P BSE Midcap,147.3061919,150.3466832,-0.020223201704791673
2015-04-30,S&P BSE Midcap,144.8595303,150.3466832,-0.03649666745691143
2015-05-31,S&P BSE Midcap,149.0288542,150.3466832,-0.00876526819182925
2015-06-30,S&P BSE Midcap,148.5268109,150.3466832,-0.01210450580794731
2015-07-31,S&P BSE Midcap,156.7740896,156.7740896,0.0
2015-08-31,S&P BSE Midcap,149.2837699,156.7740896,-0.047777791082130365
2015-09-30,S&P BSE Midcap,150.1846665,156.7740896,-0.042031327477726296
2015-10-31,S&P BSE Midcap,152.6239574,156.7740896,-0.026472054218836947
2015-11-30,S&P BSE Midcap,152.7626104,156.7740896,-0.02558764149251355
2015-12-31,S&P BSE Midcap,154.9670118,156.7740896,-0.011526635585068019
2016-01-31,S&P BSE Midcap,144.8730201,156.7740896,-0.07591222204105853
2016-02-29,S&P BSE Midcap,133.161086,156.7740896,-0.15061802406409883
2016-03-31,S&P BSE Midcap,147.6779265,156.7740896,-0.0580208319066519
2016-04-30,S&P BSE Midcap,153.9455413,156.7740896,-0.018042192477193592
2016-05-31,S&P BSE Midcap,158.0671642,158.0671642,0.0
2016-06-30,S&P BSE Midcap,162.9515869,162.9515869,0.0
2016-07-31,S&P BSE Midcap,176.0775866,176.0775866,0.0
2016-08-31,S&P BSE Midcap,183.8133653,183.8133653,0.0
2016-09-30,S&P BSE Midcap,183.1092529,183.8133653,-0.0038305832595513963
2016-10-31,S&P BSE Midcap,187.3707804,187.3707804,0.0
2016-11-30,S&P BSE Midcap,173.8185306,187.3707804,-0.07232851232763504
2016-12-31,S&P BSE Midcap,167.3200594,187.3707804,-0.10701092751599603
2017-01-31,S&P BSE Midcap,178.809064,187.3707804,-0.045693978440621334
2017-02-28,S&P BSE Midcap,188.4709646,188.4709646,0.0
2017-03-31,S&P BSE Midcap,196.0423623,196.0423623,0.0
2017-04-30,S&P BSE Midcap,205.8023074,205.8023074,0.0
2017-05-31,S&P BSE Midcap,203.3941682,205.8023074,-0.011701225464491531
2017-06-30,S&P BSE Midcap,203.6610438,205.8023074,-0.010404468380610597
2017-07-31,S&P BSE Midcap,214.0230237,214.0230237,0.0
2017-08-31,S&P BSE Midcap,216.1121359,216.1121359,0.0
2017-09-30,S&P BSE Midcap,214.6687265,216.1121359,-0.0066789835470781045
2017-10-31,S&P BSE Midcap,230.6893329,230.6893329,0.0
2017-11-30,S&P BSE Midcap,235.271139,235.271139,0.0
2017-12-31,S&P BSE Midcap,247.1555201,247.1555201,0.0
2018-01-31,S&P BSE Midcap,241.4814568,247.1555201,-0.0229574613494542
2018-02-28,S&P BSE Midcap,230.3362337,247.1555201,-0.0680514292911396
2018-03-31,S&P BSE Midcap,221.992023,247.1555201,-0.10181240172106519
2018-04-30,S&P BSE Midcap,236.5866038,247.1555201,-0.04276221018945384
2018-05-31,S&P BSE Midcap,222.7043405,247.1555201,-0.09893033985284633
2018-06-30,S&P BSE Midcap,214.8759411,247.1555201,-0.13060432146908776
2018-07-31,S&P BSE Midcap,222.6991949,247.1555201,-0.09895115913294134
2018-08-31,S&P BSE Midcap,234.7689566,247.1555201,-0.050116475225754
2018-09-30,S&P BSE Midcap,205.312085,247.1555201,-0.16930002244364192
2018-10-31,S&P BSE Midcap,203.217549,247.1555201,-0.17777458938494492
2018-11-30,S&P BSE Midcap,209.1525079,247.1555201,-0.15376153518490646
2018-12-31,S&P BSE Midcap,214.7027987,247.1555201,-0.13130486176019665
2019-01-31,S&P BSE Midcap,201.6378509,247.1555201,-0.18416610392348667
2019-02-28,S&P BSE Midcap,199.1256872,247.1555201,-0.1943304073506712
2019-03-31,S&P BSE Midcap,215.2753507,247.1555201,-0.12898829606193368
2019-04-30,S&P BSE Midcap,207.0615878,247.1555201,-0.16222147206656695
2019-05-31,S&P BSE Midcap,209.9428438,247.1555201,-0.15056380810326883
2019-06-30,S&P BSE Midcap,205.9398478,247.1555201,-0.16676007189045985
2019-07-31,S&P BSE Midcap,189.7387283,247.1555201,-0.2323103759801479
2019-08-31,S&P BSE Midcap,187.2934574,247.1555201,-0.24220402876609673
2019-09-30,S&P BSE Midcap,196.1463868,247.1555201,-0.20638476243363502
2019-10-31,S&P BSE Midcap,206.7208659,247.1555201,-0.16360004495808947
2019-11-30,S&P BSE Midcap,209.7854163,247.1555201,-0.15120076535162924
2019-12-31,S&P BSE Midcap,208.2019633,247.1555201,-0.15760747234874323
2020-01-31,S&P BSE Midcap,215.0304481,247.1555201,-0.12997918066730646
2020-02-29,S&P BSE Midcap,203.0427378,247.1555201,-0.17848188170003973
2020-03-31,S&P BSE Midcap,146.9962045,247.1555201,-0.4052481431912796
2020-04-30,S&P BSE Midcap,167.0712628,247.1555201,-0.3240237453227734
2020-05-31,S&P BSE Midcap,164.7038712,247.1555201,-0.3336022956988367
2020-06-30,S&P BSE Midcap,181.5600112,247.1555201,-0.26540175543503874
2020-07-31,S&P BSE Midcap,191.3481875,247.1555201,-0.225798446975492
2020-08-31,S&P BSE Midcap,203.8907878,247.1555201,-0.17505064132290038
2020-09-30,S&P BSE Midcap,204.5026965,247.1555201,-0.17257483702060344
2020-10-31,S&P BSE Midcap,207.2788154,247.1555201,-0.16134256149272216
2020-11-30,S&P BSE Midcap,234.3571698,247.1555201,-0.05178257922308077
2020-12-31,S&P BSE Midcap,249.5117861,249.5117861,0.0
2021-01-31,S&P BSE Midcap,251.4666956,251.4666956,0.0
2021-02-28,S&P BSE Midcap,277.8434409,277.8434409,0.0
2021-03-31,S&P BSE Midcap,280.6618371,280.6618371,0.0
2021-04-30,S&P BSE Midcap,282.4821267,282.4821267,0.0
2021-05-31,S&P BSE Midcap,302.5943167,302.5943167,0.0
2021-06-30,S&P BSE Midcap,313.4078575,313.4078575,0.0
2021-07-31,S&P BSE Midcap,321.0743792,321.0743792,0.0
2021-08-31,S&P BSE Midcap,331.7300753,331.7300753,0.0
2021-09-30,S&P BSE Midcap,351.1951718,351.1951718,0.0
2021-10-31,S&P BSE Midcap,351.5377016,351.5377016,0.0
2021-11-30,S&P BSE Midcap,351.7502009,351.7502009,0.0
2021-12-31,S&P BSE Midcap,347.2593467,351.7502009,-0.01276716882750756
2022-01-31,S&P BSE Midcap,342.2935678,351.7502009,-0.026884513714004753
2022-02-28,S&P BSE Midcap,324.8068837,351.7502009,-0.07659787295376629
2022-03-31,S&P BSE Midcap,335.2699676,351.7502009,-0.046852093496558424
2022-04-30,S&P BSE Midcap,339.5821166,351.7502009,-0.03459297043432044
2022-05-31,S&P BSE Midcap,321.8615164,351.7502009,-0.0849713359751487
2022-06-30,S&P BSE Midcap,301.9664149,351.7502009,-0.14153164908682775
2022-07-31,S&P BSE Midcap,334.4762941,351.7502009,-0.04910844899534488
2022-08-31,S&P BSE Midcap,353.096122,353.096122,0.0
2022-09-30,S&P BSE Midcap,345.6441856,353.096122,-0.021104554640223337
2022-10-31,S&P BSE Midcap,352.6683422,353.096122,-0.0012115108984402728
2022-11-30,S&P BSE Midcap,360.8994888,360.8994888,0.0
2022-12-31,S&P BSE Midcap,352.0492017,360.8994888,-0.02452285850951847
2023-01-31,S&P BSE Midcap,342.7068844,360.8994888,-0.050409061150213506
2023-02-28,S&P BSE Midcap,335.9651794,360.8994888,-0.06908934529917783
2023-03-31,S&P BSE Midcap,334.6805882,360.8994888,-0.07264876070392479
2023-04-30,S&P BSE Midcap,354.5236774,360.8994888,-0.017666446193093016
2023-05-31,S&P BSE Midcap,376.8808774,376.8808774,0.0
2023-06-30,S&P BSE Midcap,400.1911252,400.1911252,0.0
2023-07-31,S&P BSE Midcap,423.0480043,423.0480043,0.0
2023-08-31,S&P BSE Midcap,433.9072991,433.9072991,0.0
2023-09-30,S&P BSE Midcap,449.7628292,449.7628292,0.0
2023-10-31,S&P BSE Midcap,434.5261614,449.7628292,-0.03387711658409325
2023-11-30,S&P BSE Midcap,476.4046422,476.4046422,0.0
2023-12-31,S&P BSE Midcap,512.3236878,512.3236878,0.0
2024-01-31,S&P BSE Midcap,539.2376612,539.2376612,0.0
2024-02-29,S&P BSE Midcap,547.1991507,547.1991507,0.0
2011-03-31,S&P BSE Smallcap,100.0,100.0,0.0
2011-04-30,S&P BSE Smallcap,97.96,100.0,-0.020400000000000064
2011-05-31,S&P BSE Smallcap,92.56941304,100.0,-0.07430586959999999
2011-06-30,S&P BSE Smallcap,91.68010501,100.0,-0.08319894989999994
2011-07-31,S&P BSE Smallcap,93.35463877,100.0,-0.06645361230000006
2011-08-31,S&P BSE Smallcap,80.15776614,100.0,-0.19842233859999994
2011-09-29,S&P BSE Smallcap,77.34327256,100.0,-0.22656727439999996
2011-10-31,S&P BSE Smallcap,78.39454886,100.0,-0.21605451139999998
2011-11-30,S&P BSE Smallcap,68.53314335,100.0,-0.31466856649999997
2011-12-31,S&P BSE Smallcap,62.38351985,100.0,-0.37616480150000003
2012-01-31,S&P BSE Smallcap,72.64742941,100.0,-0.27352570589999997
2012-02-29,S&P BSE Smallcap,77.10633357,100.0,-0.22893666429999995
2012-03-31,S&P BSE Smallcap,74.514167,100.0,-0.25485833
2012-04-30,S&P BSE Smallcap,76.03426329,100.0,-0.23965736710000002
2012-05-31,S&P BSE Smallcap,70.48597927,100.0,-0.2951402073
2012-06-30,S&P BSE Smallcap,73.55168663,100.0,-0.26448313369999993
2012-07-31,S&P BSE Smallcap,72.47422116,100.0,-0.27525778840000004
2012-08-31,S&P BSE Smallcap,71.88074967,100.0,-0.2811925033
2012-09-30,S&P BSE Smallcap,78.88101564,100.0,-0.21118984359999998
2012-10-31,S&P BSE Smallcap,78.55820312,100.0,-0.21441796879999997
2012-11-30,S&P BSE Smallcap,81.77823554,100.0,-0.18221764460000003
2012-12-31,S&P BSE Smallcap,82.95045413,100.0,-0.17049545870000002
2013-01-31,S&P BSE Smallcap,79.51247829,100.0,-0.20487521709999995
2013-02-28,S&P BSE Smallcap,69.7578527,100.0,-0.302421473
2013-03-31,S&P BSE Smallcap,65.24420979,100.0,-0.3475579021
2013-04-30,S&P BSE Smallcap,67.6736996,100.0,-0.32326300399999996
2013-05-31,S&P BSE Smallcap,66.80070888,100.0,-0.33199291119999996
2013-06-30,S&P BSE Smallcap,63.42957412,100.0,-0.3657042588
2013-07-31,S&P BSE Smallcap,59.69293524,100.0,-0.40307064760000005
2013-08-31,S&P BSE Smallcap,58.34634707,100.0,-0.4165365293
2013-09-30,S&P BSE Smallcap,61.43705971,100.0,-0.38562940290000003
2013-10-31,S&P BSE Smallcap,66.26852501,100.0,-0.33731474989999993
2013-11-30,S&P BSE Smallcap,68.55472399,100.0,-0.3144527601
2013-12-31,S&P BSE Smallcap,73.63053305,100.0,-0.26369466950000003
2014-01-31,S&P BSE Smallcap,70.39606895,100.0,-0.2960393105
2014-02-28,S&P BSE Smallcap,72.43814895,100.0,-0.2756185105
2014-03-31,S&P BSE Smallcap,79.48482418,100.0,-0.20515175819999995
2014-04-30,S&P BSE Smallcap,84.18189584,100.0,-0.15818104160000004
2014-05-31,S&P BSE Smallcap,101.3316978,101.3316978,0.0
2014-06-30,S&P BSE Smallcap,114.6780756,114.6780756,0.0
2014-07-31,S&P BSE Smallcap,112.2754219,114.6780756,-0.02095129071035791
2014-08-31,S&P BSE Smallcap,115.3666033,115.3666033,0.0
2014-09-30,S&P BSE Smallcap,120.054009,120.054009,0.0
2014-10-31,S&P BSE Smallcap,122.8576857,122.8576857,0.0
2014-11-30,S&P BSE Smallcap,126.6772948,126.6772948,0.0
2014-12-31,S&P BSE Smallcap,124.612386,126.6772948,-0.016300543860366664
2015-01-31,S&P BSE Smallcap,127.3344644,127.3344644,0.0
2015-02-28,S&P BSE Smallcap,126.6284032,127.3344644,-0.005544933991963355
2015-03-31,S&P BSE Smallcap,122.4024886,127.3344644,-0.03873245019123042
2015-04-30,S&P BSE Smallcap,123.0046975,127.3344644,-0.03400310293369401
2015-05-31,S&P BSE Smallcap,126.7872164,127.3344644,-0.0042977209868406705
2015-06-30,S&P BSE Smallcap,124.4806599,127.3344644,-0.02241187814663628
2015-07-31,S&P BSE Smallcap,132.9714899,132.9714899,0.0
2015-08-31,S&P BSE Smallcap,123.3108596,132.9714899,-0.07265189182482037
2015-09-30,S&P BSE Smallcap,123.867886,132.9714899,-0.06846282542856577
2015-10-31,S&P BSE Smallcap,127.1785735,132.9714899,-0.04356510109314791
2015-11-30,S&P BSE Smallcap,130.7875556,132.9714899,-0.016424079339431425
2015-12-31,S&P BSE Smallcap,133.037915,133.037915,0.0
2016-01-31,S&P BSE Smallcap,122.1708439,133.037915,-0.08168401541771009
2016-02-29,S&P BSE Smallcap,107.3178201,133.037915,-0.19332905886265575
2016-03-31,S&P BSE Smallcap,118.4825114,133.037915,-0.10940793532430203
2016-04-30,S&P BSE Smallcap,123.8651885,133.037915,-0.0689482129962725
2016-05-31,S&P BSE Smallcap,125.2344887,133.037915,-0.05865565692306587
2016-06-30,S&P BSE Smallcap,132.6401514,133.037915,-0.002989851426940887
2016-07-31,S&P BSE Smallcap,138.3568645,138.3568645,0.0
2016-08-31,S&P BSE Smallcap,142.1652341,142.1652341,0.0
2016-09-30,S&P BSE Smallcap,143.6489518,143.6489518,0.0
2016-10-31,S&P BSE Smallcap,152.6667988,152.6667988,0.0
2016-11-30,S&P BSE Smallcap,138.5782813,152.6667988,-0.09228278584957152
2016-12-31,S&P BSE Smallcap,135.3916771,152.6667988,-0.11315572105910954
2017-01-31,S&P BSE Smallcap,145.3894904,152.6667988,-0.047667917695278283
2017-02-28,S&P BSE Smallcap,153.8769486,153.8769486,0.0
2017-03-31,S&P BSE Smallcap,162.2284097,162.2284097,0.0
2017-04-30,S&P BSE Smallcap,172.778304,172.778304,0.0
2017-05-31,S&P BSE Smallcap,169.4930176,172.778304,-0.019014461445344376
2017-06-30,S&P BSE Smallcap,173.2055148,173.2055148,0.0
2017-07-31,S&P BSE Smallcap,180.8824975,180.8824975,0.0
2017-08-31,S&P BSE Smallcap,179.736862,180.8824975,-0.006333589572423929
2017-09-30,S&P BSE Smallcap,181.1086349,181.1086349,0.0
2017-10-31,S&P BSE Smallcap,197.819537,197.819537,0.0
2017-11-30,S&P BSE Smallcap,204.8821723,204.8821723,0.0
2017-12-31,S&P BSE Smallcap,216.1423987,216.1423987,0.0
2018-01-31,S&P BSE Smallcap,210.3658919,216.1423987,-0.026725468185525382
2018-02-28,S&P BSE Smallcap,203.7476638,216.1423987,-0.05734522691775791
2018-03-31,S&P BSE Smallcap,191.0069792,216.1423987,-0.11629101764012213
2018-04-30,S&P BSE Smallcap,206.8243464,216.1423987,-0.04311071014314604
2018-05-31,S&P BSE Smallcap,193.8740463,216.1423987,-0.10302630364951158
2018-06-30,S&P BSE Smallcap,182.8970194,216.1423987,-0.15381239173783628
2018-07-31,S&P BSE Smallcap,189.1944271,216.1423987,-0.12467693410492343
2018-08-31,S&P BSE Smallcap,196.142441,216.1423987,-0.09253139513714488
2018-09-30,S&P BSE Smallcap,164.6272247,216.1423987,-0.23833905013472953
2018-10-31,S&P BSE Smallcap,162.011224,216.1423987,-0.25044218545539815
2018-11-30,S&P BSE Smallcap,164.5870681,216.1423987,-0.2385248378387687
2018-12-31,S&P BSE Smallcap,167.7759856,216.1423987,-0.2237710573719102
2019-01-31,S&P BSE Smallcap,158.8722742,216.1423987,-0.2649647863836722
2019-02-28,S&P BSE Smallcap,156.1756179,216.1423987,-0.2774410812532544
2019-03-31,S&P BSE Smallcap,171.434234,216.1423987,-0.20684588016464905
2019-04-30,S&P BSE Smallcap,166.839035,216.1423987,-0.22810593384980327
2019-05-31,S&P BSE Smallcap,169.6052809,216.1423987,-0.21530767716052002
2019-06-30,S&P BSE Smallcap,162.444277,216.1423987,-0.2484386313049648
2019-07-31,S&P BSE Smallcap,144.7941725,216.1423987,-0.3300982437001149
2019-08-31,S&P BSE Smallcap,142.9976185,216.1423987,-0.33841014368274436
2019-09-30,S&P BSE Smallcap,150.2538803,216.1423987,-0.3048384712869387
2019-10-31,S&P BSE Smallcap,154.6721391,216.1423987,-0.28439704551127476
2019-11-30,S&P BSE Smallcap,154.7008876,216.1423987,-0.2842640382893096
2019-12-31,S&P BSE Smallcap,156.2843375,216.1423987,-0.27693808137607206
2020-01-31,S&P BSE Smallcap,167.3341483,216.1423987,-0.22581525278501496
2020-02-29,S&P BSE Smallcap,156.3941979,216.1423987,-0.27642980349694807
2020-03-31,S&P BSE Smallcap,109.6199092,216.1423987,-0.4928347706913831
2020-04-30,S&P BSE Smallcap,126.6513503,216.1423987,-0.4140374537261023
2020-05-31,S&P BSE Smallcap,124.264311,216.1423987,-0.42508128091760644
2020-06-30,S&P BSE Smallcap,141.2413353,216.1423987,-0.34653572760595075
2020-07-31,S&P BSE Smallcap,148.5540674,216.1423987,-0.31270279087543035
2020-08-31,S&P BSE Smallcap,163.5491554,216.1423987,-0.24332682350304652
2020-09-30,S&P BSE Smallcap,169.6089315,216.1423987,-0.21529078736924367
2020-10-31,S&P BSE Smallcap,169.8453082,216.1423987,-0.214197171764801
2020-11-30,S&P BSE Smallcap,192.4633156,216.1423987,-0.10955316144550595
2020-12-31,S&P BSE Smallcap,206.4657814,216.1423987,-0.04476963963664943
2021-01-31,S&P BSE Smallcap,205.2119126,216.1423987,-0.05057076337517298
2021-02-28,S&P BSE Smallcap,229.9350643,229.9350643,0.0
2021-03-31,S&P BSE Smallcap,235.5704575,235.5704575,0.0
2021-04-30,S&P BSE Smallcap,247.2156592,247.2156592,0.0
2021-05-31,S&P BSE Smallcap,269.1862547,269.1862547,0.0
2021-06-30,S&P BSE Smallcap,287.8521401,287.8521401,0.0
2021-07-31,S&P BSE Smallcap,305.585524,305.585524,0.0
2021-08-31,S&P BSE Smallcap,307.1064573,307.1064573,0.0
2021-09-30,S&P BSE Smallcap,320.3604349,320.3604349,0.0
2021-10-31,S&P BSE Smallcap,319.2317135,320.3604349,-0.003523285890007889
2021-11-30,S&P BSE Smallcap,318.7127572,320.3604349,-0.005143199722881805
2021-12-31,S&P BSE Smallcap,336.0582644,336.0582644,0.0
2022-01-31,S&P BSE Smallcap,333.4226417,336.0582644,-0.007842755198137001
2022-02-28,S&P BSE Smallcap,304.1676062,336.0582644,-0.09489621764528747
2022-03-31,S&P BSE Smallcap,321.888099,336.0582644,-0.04216579950890199
2022-04-30,S&P BSE Smallcap,326.4088028,336.0582644,-0.02871365659531745
2022-05-31,S&P BSE Smallcap,300.8419051,336.0582644,-0.10479242152510494
2022-06-30,S&P BSE Smallcap,282.7669614,336.0582644,-0.1585775701578014
2022-07-31,S&P BSE Smallcap,308.662984,336.0582644,-0.0815194366634954
2022-08-31,S&P BSE Smallcap,326.853264,336.0582644,-0.027391084746672165
2022-09-30,S&P BSE Smallcap,324.5947944,336.0582644,-0.034111555091397336
2022-10-31,S&P BSE Smallcap,328.7551151,336.0582644,-0.0217317949702533
2022-11-30,S&P BSE Smallcap,336.7638579,336.7638579,0.0
2022-12-31,S&P BSE Smallcap,330.000884,336.7638579,-0.020082243807790813
2023-01-31,S&P BSE Smallcap,321.7767556,336.7638579,-0.044503297929465856
2023-02-28,S&P BSE Smallcap,311.9115661,336.7638579,-0.07379738418182549
2023-03-31,S&P BSE Smallcap,307.5293571,336.7638579,-0.08681008996126
2023-04-30,S&P BSE Smallcap,329.8899969,336.7638579,-0.0204115163748989
2023-05-31,S&P BSE Smallcap,350.7783021,350.7783021,0.0
2023-06-30,S&P BSE Smallcap,371.9297932,371.9297932,0.0
2023-07-31,S&P BSE Smallcap,399.3113838,399.3113838,0.0
2023-08-31,S&P BSE Smallcap,423.7402054,423.7402054,0.0
2023-09-30,S&P BSE Smallcap,428.5151967,428.5151967,0.0
2023-10-31,S&P BSE Smallcap,421.1782793,428.5151967,-0.01712172043489165
2023-11-30,S&P BSE Smallcap,460.5649984,460.5649984,0.0
2023-12-31,S&P BSE Smallcap,486.828249,486.828249,0.0
2024-01-31,S&P BSE Smallcap,521.6096159,521.6096159,0.0
2024-02-29,S&P BSE Smallcap,515.9342942,521.6096159,-0.010880400834266982
